peptide,allele
FTNESYLELY,HLA-A*01:01
ILDTAGHEEY,HLA-A*01:01
LSDGPSMGRY,HLA-A*01:01
ALDHMFMYFL,HLA-A*02:01
ALPPTVYEV,HLA-A*02:01
FLDPDLTNI,HLA-A*02:01
FLGSLLILV,HLA-A*02:01
FLNCDIMLGV,HLA-A*02:01
GLYGNLIVL,HLA-A*02:01
KAWENFPNV,HLA-A*02:01
KLLSFHSV,HLA-A*02:01
RVYDALNLL,HLA-A*02:01
YLNEAVFNFV,HLA-A*02:01
YQANVVWKV,HLA-A*02:01
AINRPTVLK,HLA-A*03:01
ALYFNSQWK,HLA-A*03:01
ATRYNYTSEK,HLA-A*03:01
ATYKGVPYEVK,HLA-A*03:01
HLFDIQGLPK,HLA-A*03:01
ILFRTPSVAK,HLA-A*03:01
KIVEMSTSK,HLA-A*03:01
KIYTGEKPYK,HLA-A*03:01
KLRDEISLAK,HLA-A*03:01
RLFPYALHK,HLA-A*03:01
RTREFTAKK,HLA-A*03:01
VYCEEYYLF,HLA-A*24:02
DTIDVSKLNR,HLA-A*68:01
EIIPQCIAR,HLA-A*68:01
RGRMQTASL,HLA-B*07:02
HALRRHYHL,HLA-B*08:01
RRSMLFARH,HLA-B*27:05
AEYQDMHSY,HLA-B*44:02
VEHINISQDW,HLA-B*44:02
KSFKEIKLW,HLA-B*57:01
KTDTGVHATL,HLA-C*05:01
VRINTARPV,HLA-C*06:02
ATDTNNLNVNY,HLA-A*01:01
ISDSLLWKY,HLA-A*01:01
YLDGKVVDY,HLA-A*01:01
KVDPIGHVY,HLA-A*01:01
RLLQCTQQAV,HLA-A*02:01
LLQCTQQAV,HLA-A*02:01
FIASNGVKLV,HLA-A*02:01
SLFEGIDIYT,HLA-A*02:01
LLLDDLLVSI,HLA-A*02:01
RLFPGLTIKI,HLA-A*02:05
MLFSHGLVK,HLA-A*03:01
KINKNPKYKK,HLA-A*03:01
EMLFSHGLVK,HLA-A*03:01
LLDIVAPK,HLA-A*11:01
LSSVSFFLV,HLA-A*11:01
SVKSCKHTEK,HLA-A*30:01
VQIISCQY,HLA-A*30:02
VIAFGSAHLFR,HLA-A*31:01
AFGSAHLFR,HLA-A*31:01
RTKVVQTLW,HLA-A*32:01
ETVSEQSNV,HLA-A*68:02
CVRVSGQGL,HLA-B*07:02
ELLVRINRL,HLA-B*08:01
VQIISCQY,HLA-B*15:01
IPIDGIFFTY,HLA-B*35:01
EHEGSGPEL,HLA-B*38:01
SEHEGSGPEL,HLA-B*38:01
VESEDIAEL,HLA-B*40:01
AGQHIAKSLF,HLA-B*44:02
QQITKTEV,HLA-B*52:01
AQQITKTEV,HLA-B*52:01
GADGVGKSAL,HLA-C*05:01
TRSSGSHFVF,HLA-C*07:01
SASPLSVV,HLA-C*15:02
STPSASPLSV,HLA-C*15:02
ISANAVEQIV,HLA-C*15:02
ASSFLKSFY,HLA-A*01:01
ATLFSDSWYY,HLA-A*01:01
CSDSGKSFINY,HLA-A*01:01
CVDWLIAVY,HLA-A*01:01
DTDSRFISY,HLA-A*01:01
ELTQGYIYFY,HLA-A*01:01
ESEPYTFSY,HLA-A*01:01
FATCLGLFY,HLA-A*01:01
FSDCEIFY,HLA-A*01:01
FSDVGEVPY,HLA-A*01:01
FSEAGIHY,HLA-A*01:01
FSSPTHSLY,HLA-A*01:01
FSSPTHSLYV,HLA-A*01:01
FTADQKVVY,HLA-A*01:01
FTASSFLKSFY,HLA-A*01:01
FTDRERHCF,HLA-A*01:01
FTQEDPQMVY,HLA-A*01:01
GDTDSRFISY,HLA-A*01:01
GTDPLFMFA,HLA-A*01:01
IAADGEFLY,HLA-A*01:01
IFSSPTHSLY,HLA-A*01:01
ISEYVSVRFY,HLA-A*01:01
ISVATFLPY,HLA-A*01:01
KSDSVTSDCGY,HLA-A*01:01
LLDEPSAHLY,HLA-A*01:01
LSGSDNVLY,HLA-A*01:01
LTEQYNEKY,HLA-A*01:01
LTQGYIYFY,HLA-A*01:01
LTVDYATFY,HLA-A*01:01
LVDIVLNFY,HLA-A*01:01
MIDNETLLVEY,HLA-A*01:01
MLDIIKAIY,HLA-A*01:01
PSAEVEMTFY,HLA-A*01:01
QLDVSRLWY,HLA-A*01:01
RCVDWLIAVY,HLA-A*01:01
RSAQKMFTY,HLA-A*01:01
SSDCSAWY,HLA-A*01:01
SSDCSAWYM,HLA-A*01:01
TTDNYIAQGKRKSY,HLA-A*01:01
VSCRSVWEY,HLA-A*01:01
VSEGGCFCY,HLA-A*01:01
WSDIMFEHFY,HLA-A*01:01
WSFPYEFLY,HLA-A*01:01
WVDPEDLYKGY,HLA-A*01:01
YTAEKKSLSE,HLA-A*01:01
YTDKSEHATY,HLA-A*01:01
ALDKNLHQL,HLA-A*02:01
ALFELRNISV,HLA-A*02:01
ALGVYGGPYV,HLA-A*02:01
ALHEEVVCV,HLA-A*02:01
ALKEIIPQCI,HLA-A*02:01
ALSDGPIDAV,HLA-A*02:01
ALVNQQFLCV,HLA-A*02:01
ALWEAFYRQNL,HLA-A*02:01
ALWPLAYGV,HLA-A*02:01
AVLGSFSYV,HLA-A*02:01
AVPGGGMPI,HLA-A*02:01
AVYCACFVEL,HLA-A*02:01
EMASVLFKA,HLA-A*02:01
FHLAELCIEV,HLA-A*02:01
FIAEQILATL,HLA-A*02:01
FIWLATRRV,HLA-A*02:01
FIYLFVTET,HLA-A*02:01
FLAFTGVAGYI,HLA-A*02:01
FLCEILRSMSI,HLA-A*02:01
FLCNARVKV,HLA-A*02:01
FLDEGFSGL,HLA-A*02:01
FLDEGFSGLV,HLA-A*02:01
FLDKFMEAV,HLA-A*02:01
FLFQEECWHL,HLA-A*02:01
FLGSLLILVV,HLA-A*02:01
FLLDETEVSV,HLA-A*02:01
FLLWKATGV,HLA-A*02:01
FLNDASACV,HLA-A*02:01
FLNDSEQV,HLA-A*02:01
FLNSFQEL,HLA-A*02:01
FLPKQGQIFCL,HLA-A*02:01
FLREYLYVYKI,HLA-A*02:01
FLRHMCHFTEV,HLA-A*02:01
FLSEFAGTQL,HLA-A*02:01
FLSELEASV,HLA-A*02:01
FLTKLVHLV,HLA-A*02:01
FLVESQLHL,HLA-A*02:01
FLWGSRAHA,HLA-A*02:01
FLWGSRAHAEI,HLA-A*02:01
FLYELEEKMEV,HLA-A*02:01
FMATYEINV,HLA-A*02:01
FMENIMEM,HLA-A*02:01
FMKDGLTGA,HLA-A*02:01
FNVLFDRLSKL,HLA-A*02:01
FQLPILQPA,HLA-A*02:01
FQLRTADWHL,HLA-A*02:01
FSDYVQCFL,HLA-A*02:01
FVANLFNTYL,HLA-A*02:01
FVLASLCLYV,HLA-A*02:01
FVLASLCLYVV,HLA-A*02:01
FVLEHEDGL,HLA-A*02:01
FYLGSAYHAA,HLA-A*02:01
GLFEDTNLFA,HLA-A*02:01
GLFRVTPEIPV,HLA-A*02:01
GLKDLLNPI,HLA-A*02:01
GLSEKCSLV,HLA-A*02:01
GLSKYRPAI,HLA-A*02:01
GLTFKDVTV,HLA-A*02:01
GMLPSNYV,HLA-A*02:01
GMLPSNYVEAI,HLA-A*02:01
GMLTNIWTV,HLA-A*02:01
GQEGKYDLLV,HLA-A*02:01
GQFGKVWMA,HLA-A*02:01
HLIGGIQVL,HLA-A*02:01
HLMNIAIIA,HLA-A*02:01
IFLSELEASV,HLA-A*02:01
ILPFFYLGSA,HLA-A*02:01
ILPGVFSKL,HLA-A*02:01
ILYHGNLVV,HLA-A*02:01
IMGQQPAPQV,HLA-A*02:01
IVYPTPTPI,HLA-A*02:01
KIFLCNARV,HLA-A*02:01
KLADFGLAC,HLA-A*02:01
KLADFGLACA,HLA-A*02:01
KLHVSVEAFV,HLA-A*02:01
KLINSQINL,HLA-A*02:01
KLKEHLGFAV,HLA-A*02:01
KLLEGQPVLL,HLA-A*02:01
KLLNCPCPA,HLA-A*02:01
KLLSEFFSC,HLA-A*02:01
KLLSEFFSCL,HLA-A*02:01
KLLSFHSVFT,HLA-A*02:01
KLNPSQNVV,HLA-A*02:01
KLPYSYNLCV,HLA-A*02:01
KLSFLVMII,HLA-A*02:01
KLVVVGAAGV,HLA-A*02:01
KLYESFYGP,HLA-A*02:01
KMGKTIYKYV,HLA-A*02:01
KMLDGLESL,HLA-A*02:01
KTIQTIVFL,HLA-A*02:01
KTIYKYVHL,HLA-A*02:01
KTLGIKLSFL,HLA-A*02:01
KTLMEVMSKI,HLA-A*02:01
KVWAVTEEV,HLA-A*02:01
LALPPTVYEV,HLA-A*02:01
LIIENRYAV,HLA-A*02:01
LLAAGLGRA,HLA-A*02:01
LLAARQLL,HLA-A*02:01
LLAELPASVHV,HLA-A*02:01
LLAKQLYRV,HLA-A*02:01
LLAPLIATL,HLA-A*02:01
LLDNGTLTI,HLA-A*02:01
LLFGPSCAL,HLA-A*02:01
LLFTDQHGL,HLA-A*02:01
LLFTDQHGLV,HLA-A*02:01
LLFYGAVIEV,HLA-A*02:01
LLHSGVIGA,HLA-A*02:01
LLHSGVIGAV,HLA-A*02:01
LLKAGWQNLV,HLA-A*02:01
LLLLPLSVA,HLA-A*02:01
LLLNGLGLA,HLA-A*02:01
LLLPGNNWKV,HLA-A*02:01
LLLPLSVARPL,HLA-A*02:01
LLLSSLGYL,HLA-A*02:01
LLNDASFISV,HLA-A*02:01
LLPGNNWKV,HLA-A*02:01
LLQVCWLQSA,HLA-A*02:01
LLRMNQSQFI,HLA-A*02:01
LLSEFFSCL,HLA-A*02:01
LLSFHSVFT,HLA-A*02:01
LLSLWVPQV,HLA-A*02:01
LLSNELHRL,HLA-A*02:01
LLYDHPLKV,HLA-A*02:01
LMMHSATSA,HLA-A*02:01
LMMHSATSAT,HLA-A*02:01
LMMHSATSATV,HLA-A*02:01
LQDSGLWFPV,HLA-A*02:01
LQVCWLQSA,HLA-A*02:01
LVADVLSPV,HLA-A*02:01
LVAVFRWAV,HLA-A*02:01
MLFARHLREV,HLA-A*02:01
MLIILAGFL,HLA-A*02:01
MLNPLIYSLRNKV,HLA-A*02:01
MLNTSVPNYM,HLA-A*02:01
MLPSNYVEA,HLA-A*02:01
MLPSNYVEAI,HLA-A*02:01
MLVSTMPVV,HLA-A*02:01
NILGFTFDI,HLA-A*02:01
NLFLFIDKL,HLA-A*02:01
NLINEAMDV,HLA-A*02:01
NSLLLLPLSV,HLA-A*02:01
QLFMATYEI,HLA-A*02:01
QLLKFIPSL,HLA-A*02:01
QLSSVRCYV,HLA-A*02:01
QLVMVLVGGL,HLA-A*02:01
RLCLYCGYPV,HLA-A*02:01
RLDGFFKNAV,HLA-A*02:01
RLIGLMMTA,HLA-A*02:01
RLLRGYDQV,HLA-A*02:01
RLLRPIYDYL,HLA-A*02:01
RLLRPIYV,HLA-A*02:01
RLMDSAQVA,HLA-A*02:01
RLMGINSTA,HLA-A*02:01
RLMGINSTAA,HLA-A*02:01
RLPGLILYTL,HLA-A*02:01
RLSEVMARM,HLA-A*02:01
RLVLQLLEL,HLA-A*02:01
RMGQTVIAV,HLA-A*02:01
RSFSEVFLV,HLA-A*02:01
RTADWHLYL,HLA-A*02:01
SEQMDVAFQV,HLA-A*02:01
SLCKSILLFL,HLA-A*02:01
SLCLYVVVGV,HLA-A*02:01
SLHDLTDGV,HLA-A*02:01
SLHPSAPFL,HLA-A*02:01
SLINSTVIV,HLA-A*02:01
SLLAARQLL,HLA-A*02:01
SLLLLPLSV,HLA-A*02:01
SLLLLPLSVA,HLA-A*02:01
SLSEARQDV,HLA-A*02:01
SLSSDFNPL,HLA-A*02:01
SLSSDFNPLV,HLA-A*02:01
SLYELEKEFL,HLA-A*02:01
SLYLNTTVL,HLA-A*02:01
SMLFARHLREV,HLA-A*02:01
SQPPAGSEV,HLA-A*02:01
SQYEYTVLLSV,HLA-A*02:01
SVLSALFSI,HLA-A*02:01
TIITQLSSV,HLA-A*02:01
TLAECGGHVEL,HLA-A*02:01
TLFHDLWKL,HLA-A*02:01
TLGIKLSFLV,HLA-A*02:01
TLMEVMSKI,HLA-A*02:01
TLYLRNNQLV,HLA-A*02:01
TMMCVSRNEL,HLA-A*02:01
TVWDFTLEL,HLA-A*02:01
VLASLCLYV,HLA-A*02:01
VLASLCLYVV,HLA-A*02:01
VLFDRLSKL,HLA-A*02:01
VLFDRLSKLA,HLA-A*02:01
VLFSNESSL,HLA-A*02:01
VLLKAGWQNL,HLA-A*02:01
VLLSVLIILL,HLA-A*02:01
VLMMHSATSA,HLA-A*02:01
VLNFYTTFV,HLA-A*02:01
VLSALFSIT,HLA-A*02:01
VLVADVLSPV,HLA-A*02:01
VLWISAFMV,HLA-A*02:01
VSVLSALFSI,HLA-A*02:01
WLVDFFSPWC,HLA-A*02:01
WQLDALDFLV,HLA-A*02:01
YAVQDFLHEI,HLA-A*02:01
YILDRESPL,HLA-A*02:01
YITKRIIAV,HLA-A*02:01
YIYNPSLAL,HLA-A*02:01
YLALPPTVYEV,HLA-A*02:01
YLAVDALEL,HLA-A*02:01
YLDVFVHAI,HLA-A*02:01
YLFIKDNEI,HLA-A*02:01
YLIIENRYA,HLA-A*02:01
YLIIENRYAV,HLA-A*02:01
YLLIHGTAV,HLA-A*02:01
YLLNDASPI,HLA-A*02:01
YLLQKLSCL,HLA-A*02:01
YLLRHANIFTHQL,HLA-A*02:01
YLNEAVFNF,HLA-A*02:01
YLVVADVCPKV,HLA-A*02:01
YLYVYKIV,HLA-A*02:01
YLYVYKIVSQ,HLA-A*02:01
YLYVYKIVSQL,HLA-A*02:01
YMPGVGDFA,HLA-A*02:01
YMPGVGDFAV,HLA-A*02:01
YMWRWKQFL,HLA-A*02:01
YQSPDLSKV,HLA-A*02:01
YVQCFLAFT,HLA-A*02:01
YVYKIVSQL,HLA-A*02:01
ADVLSPVLVK,HLA-A*03:01
ALLPPPPLAK,HLA-A*03:01
ALYKVEINK,HLA-A*03:01
ASFFGVHSK,HLA-A*03:01
ATNYIYVLNK,HLA-A*03:01
ATRRPVWKLVK,HLA-A*03:01
AVRVLFPGIK,HLA-A*03:01
CRLFPYALHK,HLA-A*03:01
CVIDAAVLLK,HLA-A*03:01
FIYLFVTETK,HLA-A*03:01
GIKAHPVLK,HLA-A*03:01
GLLAAGLGR,HLA-A*03:01
GLSFHLQSSK,HLA-A*03:01
GMLNTSVPNY,HLA-A*03:01
GVYTKEFLY,HLA-A*03:01
ILGYWIRTSK,HLA-A*03:01
ILYTLRMIMAK,HLA-A*03:01
ITGALVLFMK,HLA-A*03:01
KAPVGHFYK,HLA-A*03:01
KEAADPLAFK,HLA-A*03:01
KINRALTAAK,HLA-A*03:01
KLHVASLSFR,HLA-A*03:01
KLYESFYGPEK,HLA-A*03:01
KLYKCKVCDK,HLA-A*03:01
KMFCAGYPK,HLA-A*03:01
KSATRRPVWK,HLA-A*03:01
KTYACQQCGK,HLA-A*03:01
KVYDIAFSR,HLA-A*03:01
LLFGVSALGK,HLA-A*03:01
LLFKAGEMRK,HLA-A*03:01
LLPPPPLAK,HLA-A*03:01
LVYQFKDMLK,HLA-A*03:01
MFYAVRWGRK,HLA-A*03:01
MLNTSVPNY,HLA-A*03:01
RIALWPLAY,HLA-A*03:01
RIHTSVKLY,HLA-A*03:01
RIPRTVGQK,HLA-A*03:01
RIYGFSFPDPK,HLA-A*03:01
RKSNRVKTCK,HLA-A*03:01
RLFPYALHKW,HLA-A*03:01
RLFSALNSHK,HLA-A*03:01
RMFLRFQKK,HLA-A*03:01
RTGKGQPCNK,HLA-A*03:01
RTKYDFTWFK,HLA-A*03:01
RTREFTAKKIK,HLA-A*03:01
RVDFSATWYK,HLA-A*03:01
RVLFPGIK,HLA-A*03:01
RVWDVSGLRK,HLA-A*03:01
SLHAHGLSYK,HLA-A*03:01
SLKTNQTLQLK,HLA-A*03:01
SLSNFPQLK,HLA-A*03:01
STLFRVVVAK,HLA-A*03:01
SVEAFVCHRK,HLA-A*03:01
SVFTSVRRK,HLA-A*03:01
TLFRVVVAK,HLA-A*03:01
TLWEQFLEK,HLA-A*03:01
TSARTENFK,HLA-A*03:01
VIDAAVLLK,HLA-A*03:01
VLFDRLSK,HLA-A*03:01
YLWAAQAEK,HLA-A*03:01
YLYCYGYWKK,HLA-A*03:01
FTANPPSQTK,HLA-A*11:01
GAFMRPITLK,HLA-A*11:01
GSNNLILIY,HLA-A*11:01
GVLPNYSEGK,HLA-A*11:01
HTDGHSEK,HLA-A*11:01
ILIYWNPFHR,HLA-A*11:01
KIFLCNARVK,HLA-A*11:01
KQLYRVFQK,HLA-A*11:01
KTDTGVHATLK,HLA-A*11:01
LIYWNPFHR,HLA-A*11:01
LSSWHTPTLQK,HLA-A*11:01
LSVSDSHVYK,HLA-A*11:01
MLSSHIATK,HLA-A*11:01
NLWPVPHGLK,HLA-A*11:01
RISASCATR,HLA-A*11:01
RLLRPIYDY,HLA-A*11:01
RSMLFARHLR,HLA-A*11:01
SALANPIGK,HLA-A*11:01
SMLFARHLR,HLA-A*11:01
SPLCNFNIIK,HLA-A*11:01
SQYCRPISTK,HLA-A*11:01
SSQYCRPISTK,HLA-A*11:01
SSWHTPTLQK,HLA-A*11:01
SVRCYVPSCLK,HLA-A*11:01
SVSDSHVYK,HLA-A*11:01
SVSDSHVYKY,HLA-A*11:01
SVTFNGQVFK,HLA-A*11:01
TDTGVHATLK,HLA-A*11:01
TQCKWQFVAK,HLA-A*11:01
TVIAVASSMR,HLA-A*11:01
VIAVASSMR,HLA-A*11:01
VTFNGQVFK,HLA-A*11:01
VVGAAGVGK,HLA-A*11:01
VVVGAAGVGK,HLA-A*11:01
YSNFISHLAK,HLA-A*11:01
AWLLRKNFF,HLA-A*24:02
AWLLRKNFFYF,HLA-A*24:02
AYGNNCDGI,HLA-A*24:02
AYQKAPTKQF,HLA-A*24:02
AYYFMVKVW,HLA-A*24:02
EYQDMHSYI,HLA-A*24:02
IYANMFKKF,HLA-A*24:02
LDYVENLAKF,HLA-A*24:02
LLYEDVFPVW,HLA-A*24:02
LYEDVFPVW,HLA-A*24:02
LYTNWYLESLF,HLA-A*24:02
MWSVWDPMYVW,HLA-A*24:02
PWQASLFHL,HLA-A*24:02
PYLPSPCPP,HLA-A*24:02
QPWQASLFHL,HLA-A*24:02
RHSPAPFSKF,HLA-A*24:02
RMPKLLKSLF,HLA-A*24:02
RVVSGAYYF,HLA-A*24:02
SLFHLTRLF,HLA-A*24:02
SLVPCLPEFF,HLA-A*24:02
SQPWQASLF,HLA-A*24:02
SQPWQASLFHL,HLA-A*24:02
VFIQTRGGTF,HLA-A*24:02
VFPVWEVIW,HLA-A*24:02
VYCEEYYLFS,HLA-A*24:02
VYPFYRFRLI,HLA-A*24:02
VYSLEAEAYAAF,HLA-A*24:02
YYFMVKVW,HLA-A*24:02
ATFEEWFPQR,HLA-A*68:01
CTFCPPPLPK,HLA-A*68:01
EAFAASAVGSR,HLA-A*68:01
EMASVLFK,HLA-A*68:01
EVCAPVIKR,HLA-A*68:01
EVVLFHPNYNINR,HLA-A*68:01
EYFRYLYHR,HLA-A*68:01
FAASAVGSR,HLA-A*68:01
FISGTFGLK,HLA-A*68:01
FSAKAGPAR,HLA-A*68:01
FSAVNSLIQR,HLA-A*68:01
FSNFIFLR,HLA-A*68:01
FVFSKYCHR,HLA-A*68:01
FVFSKYCHRA,HLA-A*68:01
FVRLQLTFEK,HLA-A*68:01
HALDKARTR,HLA-A*68:01
ITNFYETAMR,HLA-A*68:01
MPKMGKTIYK,HLA-A*68:01
MSFQQVQR,HLA-A*68:01
QFSAKAGPAR,HLA-A*68:01
QQFSAKAGPAR,HLA-A*68:01
QSIWSRLQK,HLA-A*68:01
SAFLQLTAK,HLA-A*68:01
SSAFLQLTAK,HLA-A*68:01
SVGHQLFHR,HLA-A*68:01
TILGEFQYFK,HLA-A*68:01
TNFYETAMR,HLA-A*68:01
YTWEQMGLR,HLA-A*68:01
APKVEADESL,HLA-B*07:02
ATAAARGPV,HLA-B*07:02
CPLQCFQPRL,HLA-B*07:02
GPSPSSEAL,HLA-B*07:02
GPVEEVRAL,HLA-B*07:02
GPVEEVRALL,HLA-B*07:02
KPANHRGQL,HLA-B*07:02
KPMEAVTVAV,HLA-B*07:02
LPGLILYTL,HLA-B*07:02
RGPVEEVRAL,HLA-B*07:02
RPRRVEIVAL,HLA-B*07:02
RPTYEEGFL,HLA-B*07:02
RPVGGRPGW,HLA-B*07:02
RPVWKLVKV,HLA-B*07:02
SPWKDGDEL,HLA-B*07:02
TPGTRGPI,HLA-B*07:02
VPTLGRGGW,HLA-B*07:02
AIRVRTFRA,HLA-B*08:01
ALKCRVALSL,HLA-B*08:01
ALREHFQPQL,HLA-B*08:01
ALVNKRNAL,HLA-B*08:01
APFSKFSTF,HLA-B*08:01
DLLLRTAQL,HLA-B*08:01
EIRSRNNAL,HLA-B*08:01
ELKEKTLNL,HLA-B*08:01
ELKFYVNHL,HLA-B*08:01
EPQRARSLTV,HLA-B*08:01
EVKEVFQAL,HLA-B*08:01
FMAIRNSL,HLA-B*08:01
FNSVRKRMSV,HLA-B*08:01
FPGIKAHPV,HLA-B*08:01
FPRKPRPKL,HLA-B*08:01
FPYCRAHVL,HLA-B*08:01
FRLLRYQPL,HLA-B*08:01
HMKAKLAML,HLA-B*08:01
ILTTRIHKL,HLA-B*08:01
IVHHRIHTA,HLA-B*08:01
KLKNKQQQL,HLA-B*08:01
KPRPKLHHSL,HLA-B*08:01
LLRKNFFYF,HLA-B*08:01
LMKKRDNL,HLA-B*08:01
LVNKRNAL,HLA-B*08:01
MARAIRVRTF,HLA-B*08:01
MIRRRRPTL,HLA-B*08:01
MKYPRLCIL,HLA-B*08:01
MLRELSSAF,HLA-B*08:01
NLFKRLMIV,HLA-B*08:01
NPRMKPQM,HLA-B*08:01
NSVRKRMSV,HLA-B*08:01
QLKEHWNHL,HLA-B*08:01
QLKMKKLSA,HLA-B*08:01
RLKQEKAFSL,HLA-B*08:01
SIRDHPQAL,HLA-B*08:01
SKLKNKQQQL,HLA-B*08:01
SLFHLTRL,HLA-B*08:01
SPLHRHNVF,HLA-B*08:01
VALVNKRNAL,HLA-B*08:01
VSFVRINSL,HLA-B*08:01
WGKLHVASL,HLA-B*08:01
WLLRKNFF,HLA-B*08:01
YGYSRVNPM,HLA-B*08:01
YLLLRNLSI,HLA-B*08:01
YPRYRLEPM,HLA-B*08:01
YVKSLSRVM,HLA-B*08:01
HRDRLIGLMM,HLA-B*27:05
HRIELDPSKF,HLA-B*27:05
KRACCIPGR,HLA-B*27:05
KRACCIPGRR,HLA-B*27:05
KRCPGRFVY,HLA-B*27:05
KRRPSGFFLF,HLA-B*27:05
LRTADWHLY,HLA-B*27:05
LRTADWHLYL,HLA-B*27:05
NRYAVQDFL,HLA-B*27:05
NRYAVQDFLH,HLA-B*27:05
RRHIEIRDK,HLA-B*27:05
RRPSGFFL,HLA-B*27:05
RRPSGFFLF,HLA-B*27:05
RRQSMTVKR,HLA-B*27:05
RRQSMTVKRE,HLA-B*27:05
RRSMLFAR,HLA-B*27:05
RRSMLFARHL,HLA-B*27:05
RRSMLFARHLR,HLA-B*27:05
SQNQHENDI,HLA-B*27:05
SRMGQTVIAV,HLA-B*27:05
YRHVHLRSF,HLA-B*27:05
ADTSEARPFW,HLA-B*44:02
AEATRHFSGPVW,HLA-B*44:02
AELEEVSSY,HLA-B*44:02
AELLAKQLY,HLA-B*44:02
AEQQGACPGL,HLA-B*44:02
AEVSVLYTV,HLA-B*44:02
EAIYETYTW,HLA-B*44:02
EDNKHAPSSW,HLA-B*44:02
EEFLDPSRPY,HLA-B*44:02
EENSTGSLY,HLA-B*44:02
EEQCLQWDL,HLA-B*44:02
EEQCLQWDLY,HLA-B*44:02
EEQEPVQQL,HLA-B*44:02
EESSNNLTKF,HLA-B*44:02
EEVKEVFQAL,HLA-B*44:02
EEYYLFSGF,HLA-B*44:02
GEEVLLHAF,HLA-B*44:02
GEIFAQRVSW,HLA-B*44:02
GENGQNLVKW,HLA-B*44:02
GEQPFISGTF,HLA-B*44:02
HEACNCGNTV,HLA-B*44:02
IENIWSPEG,HLA-B*44:02
IENRYAVQDF,HLA-B*44:02
KEEVKEVFQA,HLA-B*44:02
KEIIPQCI,HLA-B*44:02
KEIIPQCIA,HLA-B*44:02
LETLQSVRQCF,HLA-B*44:02
MEEFLDPSRPY,HLA-B*44:02
MENIEVYNEF,HLA-B*44:02
MESARKAWENF,HLA-B*44:02
PEARNAILTQW,HLA-B*44:02
QEAWTAAAM,HLA-B*44:02
QEAWTAAAMY,HLA-B*44:02
REEQCLQW,HLA-B*44:02
REEQCLQWDL,HLA-B*44:02
REMLKRQERF,HLA-B*44:02
RENGKQQW,HLA-B*44:02
REYLYVYKI,HLA-B*44:02
SEGKLPYSY,HLA-B*44:02
SERVLTEIF,HLA-B*44:02
SESSTIQEV,HLA-B*44:02
SEVAVSVLSA,HLA-B*44:02
VEKSELWMY,HLA-B*44:02
YEDVFPVW,HLA-B*44:02
GSARALSLW,HLA-B*57:01
IIVRNATFTW,HLA-B*57:01
IVRNATFTW,HLA-B*57:01
KTLGIKLSF,HLA-B*57:01
LSLAGSDCFW,HLA-B*57:01
RTDKVRALW,HLA-B*57:01
FSDQAEVSVL,HLA-C*05:01
FTSMSAVEF,HLA-C*05:01
LSRMGQTVI,HLA-C*05:01
TADWHLYLF,HLA-C*05:01
VQDPNDRLL,HLA-C*05:01
VSDSHVYKY,HLA-C*05:01
LRMNQSQFI,HLA-C*06:02
LRMNQSQFIQ,HLA-C*06:02
VRRKSRRRM,HLA-C*06:02
AISDSLLWKY,HLA-A*01:01
ASSSGTRLY,HLA-A*01:01
CSFRGSGSLSY,HLA-A*01:01
CSTVKDFSY,HLA-A*01:01
DTCQGAFMY,HLA-A*01:01
DTERLPTSY,HLA-A*01:01
ELESSNDSY,HLA-A*01:01
ESDKTPWFW,HLA-A*01:01
ETDLQPFWEA,HLA-A*01:01
FLKGLSHLY,HLA-A*01:01
FSRTHSAFFY,HLA-A*01:01
FSSSSGPRSFY,HLA-A*01:01
GSPLFPVIY,HLA-A*01:01
GTAKSQFFKY,HLA-A*01:01
HSPCALYEY,HLA-A*01:01
KTCNTQVHLY,HLA-A*01:01
LADFGALHWA,HLA-A*01:01
LADSNLLEV,HLA-A*01:01
LLDPFQKKLY,HLA-A*01:01
LLSLLGRLLVY,HLA-A*01:01
LSLLGRLLVY,HLA-A*01:01
LSSINIQLLA,HLA-A*01:01
LTFEARLCY,HLA-A*01:01
LVIGTTFHVY,HLA-A*01:01
MLENYGNLVF,HLA-A*01:01
NIDINMADKY,HLA-A*01:01
NLEPSGLVPKY,HLA-A*01:01
NSVLLLYYRY,HLA-A*01:01
PLSPNIWMY,HLA-A*01:01
PNSVLLLYY,HLA-A*01:01
PSFSGSRCELY,HLA-A*01:01
PSNTTQEQVY,HLA-A*01:01
QGDVVVSMYY,HLA-A*01:01
QMAFSSSQSLY,HLA-A*01:01
RMELKPLCVY,HLA-A*01:01
SSDLFLNGGPY,HLA-A*01:01
SSINIQLLA,HLA-A*01:01
STLPLEKLPY,HLA-A*01:01
STTLATLVLPY,HLA-A*01:01
TTFHVYPDLY,HLA-A*01:01
TTLATLVLPY,HLA-A*01:01
VSLGPRLQWY,HLA-A*01:01
VTPRSMNAETY,HLA-A*01:01
WVCVVLSPY,HLA-A*01:01
YTLTKLVLPY,HLA-A*01:01
AFFLPPGEGLF,HLA-A*23:01
AYNLSSDKF,HLA-A*23:01
CMFYTLLIW,HLA-A*23:01
CWLPFHLSRIL,HLA-A*23:01
DYIGIISFPDF,HLA-A*23:01
EWFQLDISF,HLA-A*23:01
EYRNSMPAF,HLA-A*23:01
EYRNSMPAFSF,HLA-A*23:01
FAYNLSSDKF,HLA-A*23:01
FFQRELWQV,HLA-A*23:01
FLQPPPHQF,HLA-A*23:01
FWRHIPVSWL,HLA-A*23:01
FWRHIPVSWLI,HLA-A*23:01
FYMFLTIIIL,HLA-A*23:01
FYMFLTIIILL,HLA-A*23:01
FYQPQGIPSF,HLA-A*23:01
FYTLLIWRPPF,HLA-A*23:01
GFFKGPPVSF,HLA-A*23:01
GFSSSTTFTSW,HLA-A*23:01
GFYPPRAKL,HLA-A*23:01
HFHVHRYLI,HLA-A*23:01
HFLQPPPHQF,HLA-A*23:01
HMDEVLIPF,HLA-A*23:01
HMIQRIFFI,HLA-A*23:01
HTLHESWSF,HLA-A*23:01
IFRNVRLAWF,HLA-A*23:01
IHFHVHRYLI,HLA-A*23:01
IYFLKGLSHLY,HLA-A*23:01
IYVFMAVTF,HLA-A*23:01
IYWKKDKVQI,HLA-A*23:01
KEWFQLDISF,HLA-A*23:01
KMVSSTHYYL,HLA-A*23:01
KMVSSTHYYLL,HLA-A*23:01
KYGEFYKSL,HLA-A*23:01
KYVGVQLPL,HLA-A*23:01
LFFPLIHRV,HLA-A*23:01
LFLRQVSEF,HLA-A*23:01
LFNDMKVFSPF,HLA-A*23:01
LFWRHIPVSW,HLA-A*23:01
LFWSDNWREI,HLA-A*23:01
LFWSDNWREIL,HLA-A*23:01
LLGRLLVYQF,HLA-A*23:01
LLLVIGTTF,HLA-A*23:01
LMIYVFMAVTF,HLA-A*23:01
LWAWVTICL,HLA-A*23:01
LWAWVTICLL,HLA-A*23:01
LWKYSCVIL,HLA-A*23:01
LYDFFPDQNF,HLA-A*23:01
LYILNLESNGF,HLA-A*23:01
LYKDLLHKIYI,HLA-A*23:01
LYPKRLNHKY,HLA-A*23:01
LYRGYVEEATL,HLA-A*23:01
MFLTIIILL,HLA-A*23:01
MIYVFMAVTF,HLA-A*23:01
MWAISPNNRL,HLA-A*23:01
MWAISPNNRLI,HLA-A*23:01
MWTALVLIYI,HLA-A*23:01
MWTALVLIYIF,HLA-A*23:01
NYGNLVFLGL,HLA-A*23:01
PMSPEAHHF,HLA-A*23:01
QFFEDLASI,HLA-A*23:01
QFMNYFCAL,HLA-A*23:01
QFYQPQGIPSF,HLA-A*23:01
QYNINSLHFCL,HLA-A*23:01
RFLCIDSAL,HLA-A*23:01
RFTTSKLQF,HLA-A*23:01
RFYLEYDRL,HLA-A*23:01
RLLFWSDNW,HLA-A*23:01
RSGSAHEYSF,HLA-A*23:01
SFIENFSAL,HLA-A*23:01
SFLIAAFLNL,HLA-A*23:01
SLLGRLLVYQF,HLA-A*23:01
SMLSYRFVDI,HLA-A*23:01
SMWLFFPLI,HLA-A*23:01
SWMKEICGI,HLA-A*23:01
SYAKQLFAACL,HLA-A*23:01
SYLRYVSRKF,HLA-A*23:01
TALVLIYIF,HLA-A*23:01
TFLPDPGDF,HLA-A*23:01
VFAYNLSSDKF,HLA-A*23:01
VMLENYGNLVF,HLA-A*23:01
WTALVLIYIF,HLA-A*23:01
YDFFPDQNF,HLA-A*23:01
YFLKGLSHLY,HLA-A*23:01
YQPQGIPSF,HLA-A*23:01
YTLLIWRPPF,HLA-A*23:01
DTFFQMLGF,HLA-A*26:01
DTLAIWTSSF,HLA-A*26:01
DTLAIWTSSFF,HLA-A*26:01
DTLFLLQFTLF,HLA-A*26:01
DTNNLNVNY,HLA-A*26:01
ESMGEGFFGY,HLA-A*26:01
EVKIKVFGLF,HLA-A*26:01
EVMKSSGLY,HLA-A*26:01
FTIAHVKPSI,HLA-A*26:01
FTIAHVKPSIM,HLA-A*26:01
HVVCFIGML,HLA-A*26:01
QIIPGTGNKF,HLA-A*26:01
STTLATLVLPY,HLA-A*26:01
SVMENISSIM,HLA-A*26:01
TLAIWTSSFF,HLA-A*26:01
TTLATLVLPY,HLA-A*26:01
WVCVVLSPY,HLA-A*26:01
YTFSTEIAKF,HLA-A*26:01
YVADGSATEM,HLA-A*26:01
YVQRGMGAL,HLA-A*26:01
YVVRGHTSL,HLA-A*26:01
YVVRGHTSLA,HLA-A*26:01
AISMRIVSV,HLA-B*08:01
CLYVVRGHTSL,HLA-B*08:01
DARRQHVSRL,HLA-B*08:01
DMLVWRWTKL,HLA-B*08:01
EAKRTKSSL,HLA-B*08:01
ELRKKSWKKL,HLA-B*08:01
EVKIKVFGL,HLA-B*08:01
FGKVCSSVCSL,HLA-B*08:01
FIGMLRFVNL,HLA-B*08:01
FLSNMKSRL,HLA-B*08:01
FSRTHSAFF,HLA-B*08:01
FTIAHVKPSI,HLA-B*08:01
HLHVHSKTM,HLA-B*08:01
HLKDNLIKL,HLA-B*08:01
IMKNMMKLEL,HLA-B*08:01
KLHLRSGEL,HLA-B*08:01
KLLLRHGGNL,HLA-B*08:01
LGYSKRVHPM,HLA-B*08:01
LLFSRLVSF,HLA-B*08:01
LLLFSRLVSF,HLA-B*08:01
LLLRHGGNL,HLA-B*08:01
LPLEKLPYL,HLA-B*08:01
LPSPHPSSL,HLA-B*08:01
LYVVRGHTSL,HLA-B*08:01
MKNMMKLEL,HLA-B*08:01
MLVWRWTKL,HLA-B*08:01
MPAKHHPDL,HLA-B*08:01
MVKQQISKL,HLA-B*08:01
NNRRLYKKVV,HLA-B*08:01
NPKVFKLHL,HLA-B*08:01
QPRSIYLSI,HLA-B*08:01
RPLSKTRNPA,HLA-B*08:01
SKRVHPMNPM,HLA-B*08:01
SLGPRLQWYL,HLA-B*08:01
SLRIEKFFVF,HLA-B*08:01
SMYYLRSTI,HLA-B*08:01
SPIIRAAYL,HLA-B*08:01
SPNIWMYIL,HLA-B*08:01
SRLMKCVRL,HLA-B*08:01
SRLMKCVRLPL,HLA-B*08:01
SVRMEAGFSM,HLA-B*08:01
TLAGKPLSL,HLA-B*08:01
TMHLRSPII,HLA-B*08:01
VICCRVTRL,HLA-B*08:01
VSMYYLRSTI,HLA-B*08:01
WLKKYNSGDDL,HLA-B*08:01
WMQLRPTEPLL,HLA-B*08:01
WRWTKLSSF,HLA-B*08:01
YMKYVTVYNF,HLA-B*08:01
YRKELNQCLSL,HLA-B*08:01
YSKRVHPMNPM,HLA-B*08:01
YVVRGHTSL,HLA-B*08:01
AEVAKNCGIAI,HLA-B*44:02
DEMTFYIWY,HLA-B*44:02
DESDKTPWF,HLA-B*44:02
DESDKTPWFW,HLA-B*44:02
DESIPPVFFW,HLA-B*44:02
DEVMKSSGLY,HLA-B*44:02
EEGWDAVMDW,HLA-B*44:02
EEQSRTAGY,HLA-B*44:02
GEGFFGYPL,HLA-B*44:02
GELPSSLQV,HLA-B*44:02
GENQYSKSSKF,HLA-B*44:02
GESSAISMRI,HLA-B*44:02
KELEKRMLHW,HLA-B*44:02
LEYFFCDHQEL,HLA-B*44:02
MDEMTFYIW,HLA-B*44:02
MEEEHCAPH,HLA-B*44:02
MELKPLCVY,HLA-B*44:02
QEMNALSGSW,HLA-B*44:02
REEGWDAVMDW,HLA-B*44:02
SEAGELPSSL,HLA-B*44:02
SEEPLCPPL,HLA-B*44:02
SELCPYNSV,HLA-B*44:02
SELKATVEL,HLA-B*44:02
SENNWAVGHKV,HLA-B*44:02
VETDLQPFW,HLA-B*44:02
VEYTGHSLEI,HLA-B*44:02
ASIRNANLY,HLA-A*01:01
VSDMSLSLS,HLA-A*01:01
SSYYEPWGY,HLA-A*01:01
STEDCLILL,HLA-A*01:01
ITDVDELPI,HLA-A*01:01
LTDTSLTALS,HLA-A*01:01
TMCECMSFY,HLA-A*01:01
CVDSPPPLF,HLA-A*01:01
FKTEAQAFTETKEN,HLA-A*01:01
SGNMAEIFRQSQM,HLA-A*01:01
IWKERMRKATPYYY,HLA-A*01:01
DAMDAKKRRQQNV,HLA-A*01:01
MNPRLSTVRQTCCC,HLA-A*01:01
TGKKVSCSHREFS,HLA-A*01:01
PVLSGCSPRCLLQG,HLA-A*02:01
DAMDAKKRRQQNV,HLA-A*02:01
VRQGTLRMGNYTPP,HLA-A*02:01
TLLGDPGWRV,HLA-A*02:01
HLMDGDLGLI,HLA-A*02:01
MSFSHLFYL,HLA-A*02:01
FLLGKTSSVV,HLA-A*02:01
VLMMPFSIV,HLA-A*02:01
IKKNGQGNMVIISA,HLA-A*02:01
MNPRLSTVRQTCCC,HLA-A*02:01
TGKKVSCSHREFS,HLA-A*02:01
GICHRSLVELQEL,HLA-A*02:01
VRQGTLRMGNYTPP,HLA-A*03:01
EKRKRETDDEGENE,HLA-A*03:01
PVLSGCSPRCLLQG,HLA-A*03:01
SGNMAEIFRQSQM,HLA-A*03:01
GICHRSLVELQEL,HLA-A*03:01
KKSRAVSLLTSPAA,HLA-A*11:01
IKKNGQGNMVIISA,HLA-A*24:02
SVVNPIIYFY,HLA-A*26:01
SVVNPIIYF,HLA-A*26:01
EVYFGPCSLY,HLA-A*26:01
EIKKDGVGF,HLA-A*26:01
EVSDGFTAVM,HLA-A*26:01
EVSDGFTAV,HLA-A*26:01
YLIGVIGNF,HLA-A*26:01
SIPGIMGALY,HLA-A*26:01
DLIEIFRFGY,HLA-A*26:01
FGYEHWALY,HLA-A*26:01
EINPSLHTPM,HLA-A*26:01
ETLSPTPSY,HLA-A*26:01
YVVTISSLL,HLA-A*26:01
HMSSYIASF,HLA-A*26:01
HMIVISIAY,HLA-A*26:01
YTIEEFMEL,HLA-A*26:01
ELPIFQQPFY,HLA-A*26:01
ETADTKVHF,HLA-A*26:01
ELVGYGQKF,HLA-A*26:01
ELVGYGQKFF,HLA-A*26:01
ESFFWLEEM,HLA-A*26:01
YTFLIFSDY,HLA-A*26:01
ETCTAGASSL,HLA-A*26:01
FTMVILYVVY,HLA-A*26:01
MVILYVVYY,HLA-A*26:01
ELSFHPSGNY,HLA-A*26:01
GTFFVLAYY,HLA-A*26:01
DMIFFSIDRY,HLA-A*26:01
MIFFSIDRY,HLA-A*26:01
TTATISGLV,HLA-A*26:01
TTTATISGL,HLA-A*26:01
ESVTSCEAY,HLA-A*26:01
EVMKKLPLF,HLA-A*26:01
ESVINQGPM,HLA-A*26:01
EATNPYMVY,HLA-A*26:01
ELKHILYYAF,HLA-A*26:01
YVKLANLSY,HLA-A*26:01
YMAELFSFI,HLA-A*26:01
NTASSSLAF,HLA-A*26:01
EIPLIGLIPF,HLA-A*26:01
FAHFHSGEM,HLA-A*26:01
SVMYQGNTY,HLA-A*26:01
FTGTISVMY,HLA-A*26:01
FLFINTSSY,HLA-A*26:01
EVLVEYSFF,HLA-A*26:01
ETWRETGIF,HLA-A*26:01
ETWRETGIFF,HLA-A*26:01
KKSRAVSLLTSPAA,HLA-A*26:01
PVFTHENIQGGGVP,HLA-A*29:02
MTGIIKKQILKHLS,HLA-A*29:02
FKTEAQAFTETKEN,HLA-A*30:02
IWKERMRKATPYYY,HLA-A*30:02
SGNMAEIFRQSQM,HLA-B*07:01
VRQGTLRMGNYTPP,HLA-B*07:02
EKRKRETDDEGENE,HLA-B*07:02
DAMDAKKRRQQNV,HLA-B*08:01
MNPRLSTVRQTCCC,HLA-B*08:01
TGKKVSCSHREFS,HLA-B*08:01
PVLSGCSPRCLLQG,HLA-B*13:02
VRQGTLRMGNYTPP,HLA-B*13:02
MNPRLSTVRQTCCC,HLA-B*13:02
TGKKVSCSHREFS,HLA-B*13:02
PVFTHENIQGGGVP,HLA-B*14:02
MTGIIKKQILKHLS,HLA-B*14:02
GICHRSLVELQEL,HLA-B*14:02
PVLSGCSPRCLLQG,HLA-B*15:01
VRQGTLRMGNYTPP,HLA-B*15:01
MPRTISVRVTTMDA,HLA-B*15:01
FKTEAQAFTETKEN,HLA-B*15:01
IWKERMRKATPYYY,HLA-B*15:01
FKTEAQAFTETKEN,HLA-B*18:01
IWKERMRKATPYYY,HLA-B*18:01
IKKNGQGNMVIISA,HLA-B*27:02
MPYGYVLNEF,HLA-B*35:01
KKSRAVSLLTSPAA,HLA-B*38:01
IKKNGQGNMVIISA,HLA-B*38:01
PVFTHENIQGGGVP,HLA-B*44:03
MTGIIKKQILKHLS,HLA-B*44:03
GICHRSLVELQEL,HLA-B*44:03
KKSRAVSLLTSPAA,HLA-B*52:01
DAMDAKKRRQQNV,HLA-B*56:01
DAMDAKKRRQQNV,HLA-C*01:02
IKKNGQGNMVIISA,HLA-C*02:02
FKTEAQAFTETKEN,HLA-C*03:03
IWKERMRKATPYYY,HLA-C*03:03
TYDTVHRHL,HLA-C*04:01
PVLSGCSPRCLLQG,HLA-C*05:01
VRQGTLRMGNYTPP,HLA-C*05:01
FKTEAQAFTETKEN,HLA-C*05:01
IWKERMRKATPYYY,HLA-C*05:01
MNPRLSTVRQTCCC,HLA-C*06:02
TGKKVSCSHREFS,HLA-C*06:02
PVLSGCSPRCLLQG,HLA-C*06:02
VRQGTLRMGNYTPP,HLA-C*06:02
DAMDAKKRRQQNV,HLA-C*07:01
MNPRLSTVRQTCCC,HLA-C*07:01
TGKKVSCSHREFS,HLA-C*07:01
VRQGTLRMGNYTPP,HLA-C*07:02
EKRKRETDDEGENE,HLA-C*07:02
SGNMAEIFRQSQM,HLA-C*07:02
PVFTHENIQGGGVP,HLA-C*08:02
MTGIIKKQILKHLS,HLA-C*08:02
GICHRSLVELQEL,HLA-C*08:02
KKSRAVSLLTSPAA,HLA-C*12:02
KKSRAVSLLTSPAA,HLA-C*12:03
IKKNGQGNMVIISA,HLA-C*12:03
PVFTHENIQGGGVP,HLA-C*16:01
MTGIIKKQILKHLS,HLA-C*16:01
GICHRSLVELQEL,HLA-C*16:01
KLVVVGADGV,HLA-A*02:01
VVGADGVGK,HLA-A*11:01
ACDPHSGHFV,HLA-A*02:01
FVVPYMIYLL,HLA-C*03:03
RTEGYRKVLY,HLA-A*01:01
VSCENVMIRY,HLA-A*01:01
STEDTYLRF,HLA-A*01:01
NSSSQSNRY,HLA-A*01:01
KTEGYRKVLY,HLA-A*01:01
YMGDSWNWAF,HLA-A*01:01
HTERQYLLF,HLA-A*01:01
MNDEHTERQY,HLA-A*01:01
HTERQYLLFF,HLA-A*01:01
AVDPASLWEY,HLA-A*01:01
VTWENYAWVY,HLA-A*01:01
ALEPLPLPFY,HLA-A*01:01
NSSVSNSYSY,HLA-A*01:01
LSNSSVSNSY,HLA-A*01:01
ATNTDLLLTY,HLA-A*01:01
YSFLQQLTRY,HLA-A*01:01
FSDYYMNWI,HLA-A*01:01
FSDYYMSWV,HLA-A*01:01
SSGILGLAY,HLA-A*01:01
MSSGILGLAY,HLA-A*01:01
EISDRFIGIY,HLA-A*01:03
HWTNCILHEY,HLA-A*01:03
RTLLSQVNKV,HLA-A*02:01
YHLYAYHEEL,HLA-A*02:01
LFMMPRIVDV,HLA-A*02:01
GVSEEFWLV,HLA-A*02:01
FWLVDLLPST,HLA-A*02:01
SNVLSSLVLV,HLA-A*02:01
FLLTDYALSP,HLA-A*02:01
GLMPAASSV,HLA-A*02:01
AGLMPAASSV,HLA-A*02:01
MVAEAGLMPA,HLA-A*02:01
SMACINVSL,HLA-A*02:01
SMACINVSLL,HLA-A*02:01
SSMACINVSL,HLA-A*02:01
RVAGALQAQV,HLA-A*02:01
AVWNWLILL,HLA-A*02:01
KAVWNWLILL,HLA-A*02:01
AVWNWLILLL,HLA-A*02:01
CLQDISSLPL,HLA-A*02:01
SMDWRCISTL,HLA-A*02:01
FQSSAVIAL,HLA-A*02:01
ALAPAAAPGV,HLA-A*02:01
TLNQHMEQL,HLA-A*02:01
CIFCKCPGI,HLA-A*02:01
FSMAKTSTSL,HLA-A*02:01
KSVVDFFTV,HLA-A*02:01
LLTYANLML,HLA-A*02:01
LLLTYANLM,HLA-A*02:01
LTYANLMLL,HLA-A*02:01
LLTYANLMLL,HLA-A*02:01
LLLTYANLML,HLA-A*02:01
VMDEHARWTL,HLA-A*02:01
AQALGIPLI,HLA-A*02:01
MAWSLGVLV,HLA-A*02:01
ILAHCNLDL,HLA-A*02:01
ILAHCNLDLL,HLA-A*02:01
KLSNYDQKI,HLA-A*02:01
TMRGGFAMLA,HLA-A*02:01
AMMTHLHEA,HLA-A*02:01
MMTHLHEAA,HLA-A*02:01
MAMMTHLHEA,HLA-A*02:01
AMMTHLHEAA,HLA-A*02:01
MMTHLHEAAV,HLA-A*02:01
SMFSKFIPL,HLA-A*02:01
SMFSKFIPLI,HLA-A*02:01
KSMFSKFIPL,HLA-A*02:01
FLSLYLIHT,HLA-A*02:01
QLLRMLWYV,HLA-A*02:01
MLLQLLRML,HLA-A*02:01
LQLLRMLWYV,HLA-A*02:01
QLLRMLWYVG,HLA-A*02:01
ALMLLQLLRM,HLA-A*02:01
LMLLQLLRML,HLA-A*02:01
FLQQLTRYV,HLA-A*02:01
SFLQQLTRYV,HLA-A*02:01
HQMSFASVRI,HLA-A*02:01
QQAVPLFSV,HLA-A*02:01
TQQAVPLFSV,HLA-A*02:01
YIYNREEYV,HLA-A*02:01
YVRFDSDVGV,HLA-A*02:01
RYIYNREEYV,HLA-A*02:01
QPLLATPAAV,HLA-A*02:01
TLSMDLFYT,HLA-A*02:01
MDLFYTEDEI,HLA-A*02:01
ITLSMDLFYT,HLA-A*02:01
GLKLPTSEYI,HLA-A*02:01
GMLVLTVLL,HLA-A*02:01
ALLARGMLV,HLA-A*02:01
LLARGMLVL,HLA-A*02:01
RGMLVLTVLL,HLA-A*02:01
ALLARGMLVL,HLA-A*02:01
LLARGMLVLT,HLA-A*02:01
HLDYIPHQL,HLA-A*02:01
LLDQAVYRV,HLA-A*02:01
PLLDQAVYRV,HLA-A*02:01
GQIRATPFL,HLA-A*02:01
MLSSVIYSL,HLA-A*02:01
VVIPMLSSV,HLA-A*02:01
PMLSSVIYSL,HLA-A*02:01
MLSSVIYSLR,HLA-A*02:01
TVVIPMLSSV,HLA-A*02:01
NLAETDIPKI,HLA-A*02:01
SMQMFGKIAL,HLA-A*02:01
FIYAVISMQM,HLA-A*02:01
TLWRGRTPA,HLA-A*02:01
LLLNQVKWES,HLA-A*02:01
ILYHPGPVPL,HLA-A*02:01
WVLANSNFV,HLA-A*02:01
KLLGIRPNYI,HLA-A*02:01
TLLLAQTFL,HLA-A*02:01
TLLLAQTFLL,HLA-A*02:01
TTLLLAQTFL,HLA-A*02:01
FQRTSLIVHV,HLA-A*02:01
TLHIGSMAMI,HLA-A*02:01
FLKELLVRI,HLA-A*02:01
NLSFLKELLV,HLA-A*02:01
SFLKELLVRI,HLA-A*02:01
FMERYAPTA,HLA-A*02:01
RELAIAVALL,HLA-A*02:01
ELMESVMDV,HLA-A*02:01
LMESVMDVV,HLA-A*02:01
AELMESVMDV,HLA-A*02:01
ELMESVMDVV,HLA-A*02:01
RVTNLCYMV,HLA-A*02:01
TISEFDWLA,HLA-A*02:01
MTISEFDWLA,HLA-A*02:01
TISEFDWLAL,HLA-A*02:01
CLTFYLPKL,HLA-A*02:01
YLPKLFIVGL,HLA-A*02:01
KLFIVGLLWL,HLA-A*02:01
LFIVGLLWLA,HLA-A*02:01
KCLTFYLPKL,HLA-A*02:01
ALGAALPET,HLA-A*02:01
LLSIWGSRV,HLA-A*02:01
SLLSIWGSRV,HLA-A*02:01
HLDWDENTSA,HLA-A*02:01
GQFPGSPEL,HLA-A*02:01
RQIHETVRV,HLA-A*02:01
SIVTITFDV,HLA-A*02:01
GLSEISTTF,HLA-A*02:01
GLPKGVPPA,HLA-A*02:01
YLITLVGNL,HLA-A*02:01
TLVGNLCMI,HLA-A*02:01
FLAIYLITLV,HLA-A*02:01
TLVGNLCMIL,HLA-A*02:01
ITLVGNLCMI,HLA-A*02:01
LLGSECFPL,HLA-A*02:01
SLLGSECFPL,HLA-A*02:01
LLGSECFPLA,HLA-A*02:01
FADVCFSSTV,HLA-A*02:01
AICHPLHYNV,HLA-A*02:01
FLMFFISEF,HLA-A*02:01
FISEFFILS,HLA-A*02:01
LMFFISEFF,HLA-A*02:01
MFFISEFFI,HLA-A*02:01
LMFFISEFFI,HLA-A*02:01
FISEFFILSA,HLA-A*02:01
QLAFFLMFFI,HLA-A*02:01
FLMFFISEFF,HLA-A*02:01
ALRAFDFRV,HLA-A*02:01
ILGYVQAFL,HLA-A*02:01
GVYTILGYV,HLA-A*02:01
TILGYVQAFL,HLA-A*02:01
TGVYTILGYV,HLA-A*02:01
ILGPELWTL,HLA-A*02:01
IILGPELWTL,HLA-A*02:01
GLIIILGPEL,HLA-A*02:01
YIVEGCLHEL,HLA-A*02:01
FLALGGAEA,HLA-A*02:01
GIQSFFFLA,HLA-A*02:01
IQSFFFLAL,HLA-A*02:01
FLALGGAEAL,HLA-A*02:01
FFLALGGAEA,HLA-A*02:01
GIQSFFFLAL,HLA-A*02:01
WLLPVPPRL,HLA-A*02:01
RWLLPVPPRL,HLA-A*02:01
IQAWWWGTL,HLA-A*02:01
QAWWWGTLV,HLA-A*02:01
IQAWWWGTLV,HLA-A*02:01
FLPPGEGLGL,HLA-A*02:01
YLVEENTTI,HLA-A*02:01
GYLVEENTTI,HLA-A*02:01
LLGRNSFEM,HLA-A*02:01
NLLGRNSFEM,HLA-A*02:01
KQLELVKVSV,HLA-A*02:01
GLLQAVATL,HLA-A*02:01
QLVPYMIDL,HLA-A*02:01
AQLVPYMIDL,HLA-A*02:01
RLCNLTNCFI,HLA-A*02:01
TIIFVTLEI,HLA-A*02:01
MTIIFVTLEI,HLA-A*02:01
FVTLEIHHHI,HLA-A*02:01
GLFPPAESA,HLA-A*02:01
YLEGGLFPP,HLA-A*02:01
YLEGGLFPPA,HLA-A*02:01
YMADIFTTCM,HLA-A*02:01
HLPLTCKFSI,HLA-A*02:01
IISEASISGV,HLA-A*02:01
MLNKVLYRL,HLA-A*02:01
EMLNKVLYRL,HLA-A*02:01
IMGSKIGTSV,HLA-A*02:01
LEMNYAELVL,HLA-A*02:01
NGLLCDVLLV,HLA-A*02:01
YQNYDKAHGV,HLA-A*02:01
FSVDLTVAPA,HLA-A*02:01
CLIPAHQAAV,HLA-A*02:01
VLSSNTHSQV,HLA-A*02:01
YMVEDTFVL,HLA-A*02:01
DYMVEDTFVL,HLA-A*02:01
YMVEDTFVLE,HLA-A*02:01
HLLPHPQNA,HLA-A*02:01
ELVDVRVPV,HLA-A*02:01
VELVDVRVPV,HLA-A*02:01
YLEQIHNRV,HLA-A*02:01
KLCRPNAEV,HLA-A*02:01
NLEMPELLPC,HLA-A*02:01
IVSECDVYL,HLA-A*02:01
WLAKVKYQL,HLA-A*02:01
TISHWLAKV,HLA-A*02:01
RLYDHMPEG,HLA-A*02:01
RLYDHMPEGL,HLA-A*02:01
RLSDPVAYI,HLA-A*02:01
VLWRLSDPV,HLA-A*02:01
WRLSDPVAYI,HLA-A*02:01
QVLWRLSDPV,HLA-A*02:01
VLWRLSDPVA,HLA-A*02:01
KMNNLYLRL,HLA-A*02:01
ALPWRQQLLL,HLA-A*02:01
VMPEQVMRV,HLA-A*02:01
TVMPEQVMRV,HLA-A*02:01
KLNKITAPA,HLA-A*02:01
HLLTLSMDL,HLA-A*02:01
LHLLTLSMDL,HLA-A*02:01
LTLSMDLFYT,HLA-A*02:01
MLNEDFLGM,HLA-A*02:01
MLNEDFLGML,HLA-A*02:01
SMLNEDFLGM,HLA-A*02:01
QMPPPLEPI,HLA-A*02:01
LQMPQMPPPL,HLA-A*02:01
KLSMDLFYT,HLA-A*02:01
SLLFCESEA,HLA-A*02:01
RMNGQAFIGL,HLA-A*02:01
LTFNSLSPL,HLA-A*02:01
SLTFNSLSPL,HLA-A*02:01
SVMTPPLPL,HLA-A*02:01
SLRALLCTPA,HLA-A*02:01
RMSAREHYL,HLA-A*02:01
RLYERDFQM,HLA-A*02:01
IRLYERDFQM,HLA-A*02:01
RLYERDFQMC,HLA-A*02:01
FLAPGLHPQ,HLA-A*02:01
FLAPGLHPQS,HLA-A*02:01
FLDIITYVV,HLA-A*02:01
YVVFAVTFV,HLA-A*02:01
IITYVVFAV,HLA-A*02:01
VVFAVTFVL,HLA-A*02:01
LFLDIITYV,HLA-A*02:01
YLFLDIITYV,HLA-A*02:01
LFLDIITYVV,HLA-A*02:01
FLDIITYVVF,HLA-A*02:01
YVVFAVTFVL,HLA-A*02:01
ILENTDLFL,HLA-A*02:01
FLMLSQPVPG,HLA-A*02:01
MLLDFLIKS,HLA-A*02:01
GSMLLDFLI,HLA-A*02:01
MLLDFLIKSS,HLA-A*02:01
SMLLDFLIKS,HLA-A*02:01
APLLGVPSAV,HLA-A*02:01
YLKDCKVFV,HLA-A*02:01
YLKDCKVFVT,HLA-A*02:01
DYLKDCKVFV,HLA-A*02:01
SLNEHLQAL,HLA-A*02:01
SLNEHLQALL,HLA-A*02:01
RSLNEHLQAL,HLA-A*02:01
KLVVVGAGDV,HLA-A*02:01
VMAKCFGHL,HLA-A*02:01
LLEWFHPLYV,HLA-A*02:01
SIPSSFSPLV,HLA-A*02:01
FDLYHSIPSS,HLA-A*02:01
IVVEWTNNI,HLA-A*02:01
SLPLEVCNI,HLA-A*02:01
SLPLEVCNIV,HLA-A*02:01
LLVTDTSSV,HLA-A*02:01
SIGHATPLPV,HLA-A*02:01
KLQHRPVAV,HLA-A*02:01
ILTEPSTTV,HLA-A*02:01
WILTEPSTTV,HLA-A*02:01
VLSIVCADPV,HLA-A*02:01
NMGPLYYRL,HLA-A*02:01
TLLSFMLLV,HLA-A*02:01
LTLLSFMLLV,HLA-A*02:01
TLLSFMLLVC,HLA-A*02:01
LLVCSLCKHL,HLA-A*02:01
AIMNYIFLL,HLA-A*02:01
IMNYIFLLL,HLA-A*02:01
AIMNYIFLLL,HLA-A*02:01
PAIMNYIFLL,HLA-A*02:01
IMNYIFLLLC,HLA-A*02:01
YLFTSHRTA,HLA-A*02:01
KLIHLEEGV,HLA-A*02:01
HKLIHLEEGV,HLA-A*02:01
RFATMVWPV,HLA-A*02:01
YRLSSKELTI,HLA-A*02:01
ALDTMNVDI,HLA-A*02:01
AQVSLVFKV,HLA-A*02:01
LQWTIDNVLV,HLA-A*02:01
ALQWTIDNVL,HLA-A*02:01
LLPGPMACL,HLA-A*02:01
GPMACLCLLI,HLA-A*02:01
SLIEAYKLRA,HLA-A*02:01
SLDESGNVV,HLA-A*02:01
FSLDESGNVV,HLA-A*02:01
GLAATVWFS,HLA-A*02:01
YGLAATVWFS,HLA-A*02:01
TVWFSNVGRV,HLA-A*02:01
AAFDVSLKV,HLA-A*02:01
AQLSFLLDQA,HLA-A*02:01
MQATVRSLEV,HLA-A*02:01
ALINFSWAM,HLA-A*02:01
LALINFSWAM,HLA-A*02:01
ALINFSWAMD,HLA-A*02:01
HLALINFSWA,HLA-A*02:01
KLGQTHLALI,HLA-A*02:01
ATVSIVHSV,HLA-A*02:01
SIVHSVPEL,HLA-A*02:01
VPLSTATVSI,HLA-A*02:01
FMKIFGNDSI,HLA-A*02:01
RTFLLLLFV,HLA-A*02:01
RTFLLLLFVV,HLA-A*02:01
WLYTFNVRL,HLA-A*02:01
YTFNVRLEV,HLA-A*02:01
YTFNVRLEVV,HLA-A*02:01
DWLYTFNVRL,HLA-A*02:01
YMIMEIELQS,HLA-A*02:01
KSVKFHFTV,HLA-A*02:01
FSFAGLPKSV,HLA-A*02:01
SMSSFSEYC,HLA-A*02:01
SMSSFSEYCL,HLA-A*02:01
ATAEVVTSV,HLA-A*02:01
VLETVATAEV,HLA-A*02:01
KVNAVILLPV,HLA-A*02:01
ILLPVPKQKL,HLA-A*02:01
FTAAFAGRLV,HLA-A*02:01
LLSKRLVKL,HLA-A*02:01
YLLSKRLVKL,HLA-A*02:01
EMDEMSVQL,HLA-A*02:01
SEMDEMSVQL,HLA-A*02:01
ELINKLEVV,HLA-A*02:01
KLIPEFYYL,HLA-A*02:01
KKLIPEFYYL,HLA-A*02:01
KLIPEFYYLP,HLA-A*02:01
ALWLCCATPA,HLA-A*02:01
KLFSLTLKKL,HLA-A*02:01
KLECQDMSL,HLA-A*02:01
IMFYAHWCSM,HLA-A*02:01
GLSTAVYQRL,HLA-A*02:01
ILLDLDLTS,HLA-A*02:01
KSQSIIPPV,HLA-A*02:01
KMELSVNIPV,HLA-A*02:01
YVLTKSILSA,HLA-A*02:01
LLTSASWSL,HLA-A*02:01
TLLTSASWSL,HLA-A*02:01
QNLGSILAYA,HLA-A*02:01
NLNENITGI,HLA-A*02:01
FLNNKLYVA,HLA-A*02:01
AMAVVAVFL,HLA-A*02:01
VFLNNKLYVA,HLA-A*02:01
GAMAVVAVFL,HLA-A*02:01
AVFLNNKLYV,HLA-A*02:01
FLNNKLYVAN,HLA-A*02:01
SLNFEVVMET,HLA-A*02:01
MAAESLNFEV,HLA-A*02:01
FFTGFLAEV,HLA-A*02:01
FVLFITKGL,HLA-A*02:01
RLPFRKDFVL,HLA-A*02:01
LGLLDEDFYA,HLA-A*02:01
FLHARDHCV,HLA-A*02:01
GLFHHLRIYT,HLA-A*02:01
IPLAFDPTFI,HLA-A*02:01
YMFSDCSTS,HLA-A*02:01
SLQDHCCRA,HLA-A*02:01
IIGITIDSV,HLA-A*02:01
MIAKISNEL,HLA-A*02:01
FSDYYMSWV,HLA-A*02:01
YTTANLNEV,HLA-A*02:01
YAFSVWRMEV,HLA-A*02:01
RMEVAWSMSA,HLA-A*02:01
KLMMDWNKA,HLA-A*02:01
MMDWNKASSA,HLA-A*02:01
SLLLPAPPA,HLA-A*02:01
GVWGSLLLPA,HLA-A*02:01
LLSSRFPLA,HLA-A*02:01
MDLLSSRFPL,HLA-A*02:01
LLDEKEPEV,HLA-A*02:01
LLDEKEPEVL,HLA-A*02:01
YTVAIIFHM,HLA-A*02:01
IIFHMLSGL,HLA-A*02:01
YTVAIIFHML,HLA-A*02:01
ALYEAEKAA,HLA-A*02:01
FVQAALNYI,HLA-A*02:01
KLLFSETGFL,HLA-A*02:01
LMSGVYLEM,HLA-A*02:01
LMSGVYLEMM,HLA-A*02:01
SLFYEDADCV,HLA-A*02:01
FSFFESSVLL,HLA-A*02:01
VMAYDHFVV,HLA-A*02:01
FVVICNPLL,HLA-A*02:01
MAYDHFVVI,HLA-A*02:01
AVMAYDHFVV,HLA-A*02:01
VICNPLLYTV,HLA-A*02:01
VMAYDHFVVI,HLA-A*02:01
LQNFLGFGV,HLA-A*02:01
CLQNFLGFGV,HLA-A*02:01
ILEEVRNFQL,HLA-A*02:01
KVFCCTHSL,HLA-A*02:01
GAMPTMASV,HLA-A*02:01
SVKLSTLHPI,HLA-A*02:01
TMASVKLSTL,HLA-A*02:01
FLSSPNREI,HLA-A*02:01
RLDNHRAFV,HLA-A*02:01
RLDNHRAFVV,HLA-A*02:01
MLTSEIVPA,HLA-A*02:01
LTSEIVPAL,HLA-A*02:01
NMLTSEIVPA,HLA-A*02:01
YMQNYINKA,HLA-A*02:01
YMQNYINKAL,HLA-A*02:01
YYMQNYINKA,HLA-A*02:01
MALETAASV,HLA-A*02:01
HLLLSPSLQV,HLA-A*02:01
FLWFLIPIVF,HLA-A*02:01
FLLQSIQAV,HLA-A*02:01
TFLLQSIQAV,HLA-A*02:01
FLLQSIQAVP,HLA-A*02:01
YLVDVDPERM,HLA-A*02:01
RLWKKEDRL,HLA-A*02:01
RLCEQEERL,HLA-A*02:01
FLEWANTCGI,HLA-A*02:01
LLHGCIYAI,HLA-A*02:01
YAIGVHLFV,HLA-A*02:01
RGLLHGCIYA,HLA-A*02:01
FLRHIASDV,HLA-A*02:01
HLVGGILLT,HLA-A*02:01
GILLTCEPTV,HLA-A*02:01
YLLDDPLLA,HLA-A*02:01
LLDDPLLAV,HLA-A*02:01
YLLDDPLLAV,HLA-A*02:01
LYLLDDPLLA,HLA-A*02:01
QLYLLDDPLL,HLA-A*02:01
LLDDPLLAVD,HLA-A*02:01
FQNGRLMLSL,HLA-A*02:01
TMAPGAKNV,HLA-A*02:01
FLNGLAQLLK,HLA-A*02:01
KVNHSYCFV,HLA-A*02:01
STFAIFSPM,HLA-A*02:01
VMFEGARNI,HLA-A*02:01
VMFEGARNIV,HLA-A*02:01
KLEEETGNV,HLA-A*02:01
FSYTHTSFL,HLA-A*02:01
LMIKRCMET,HLA-A*02:01
YQVLRIDVTL,HLA-A*02:01
MLAANRVENV,HLA-A*02:01
WLPQKFWDEI,HLA-A*02:01
YLFCLMNYF,HLA-A*02:01
NLLDAVYLF,HLA-A*02:01
YLFCLMNYFP,HLA-A*02:01
GMIASSVVV,HLA-A*02:01
IASSVVVWV,HLA-A*02:01
FVIGMIASSV,HLA-A*02:01
MIASSVVVWV,HLA-A*02:01
IGMIASSVVV,HLA-A*02:01
FFQQPSSYFL,HLA-A*02:01
SMFCEIMNDI,HLA-A*02:01
SAFDPLNFPI,HLA-A*02:01
LQMVTVSPI,HLA-A*02:01
KLQMVTVSPI,HLA-A*02:01
SPIAPGILKV,HLA-A*02:01
RLYEELANF,HLA-A*02:01
LLNTVQHML,HLA-A*02:01
QVANLLNTV,HLA-A*02:01
LLNTVQHMLL,HLA-A*02:01
NLLNTVQHML,HLA-A*02:01
TQVANLLNTV,HLA-A*02:01
FLPPSAVRT,HLA-A*02:01
NLVLLLLLL,HLA-A*02:01
FLSIRVCQYT,HLA-A*02:01
ALVRGKLSRV,HLA-A*02:01
ILLLSISLL,HLA-A*02:01
AILLLSISL,HLA-A*02:01
LLSISLLIGL,HLA-A*02:01
ILLLSISLLI,HLA-A*02:01
LLLSISLLIG,HLA-A*02:01
AILLLSISLL,HLA-A*02:01
TLQAYRALMV,HLA-A*02:01
LQAYRALMVV,HLA-A*02:01
GLRAQLLEL,HLA-A*02:01
LQNMENTCYV,HLA-A*02:01
QIDDKTFFV,HLA-A*02:01
TQMEGSVDL,HLA-A*02:01
TQMEGSVDLL,HLA-A*02:01
IIIPIINTI,HLA-A*02:01
IQDKIIIPI,HLA-A*02:01
KIQDKIIIPI,HLA-A*02:01
IPIINTIATV,HLA-A*02:01
CLYPGTKFL,HLA-A*02:01
RLGQDDPTL,HLA-A*02:01
FVCENNSPA,HLA-A*02:01
CLDSYTGEI,HLA-A*02:01
FCLDSYTGEI,HLA-A*02:01
FFTADRLTPL,HLA-A*02:01
YTWEYKYYEI,HLA-A*02:01
FLGKIYCLL,HLA-A*02:01
SFLGKIYCLL,HLA-A*02:01
GMFALGVDA,HLA-A*02:01
GMFALGVDAA,HLA-A*02:01
ILGKDTDYL,HLA-A*02:01
ILGKDTDYLI,HLA-A*02:01
FLWNNYIPNS,HLA-A*02:01
YIPNSIQIKV,HLA-A*02:01
IIDCLEQEL,HLA-A*02:01
FILVVSFLT,HLA-A*02:01
KISNFLLFIL,HLA-A*02:01
LVVSFLTYSI,HLA-A*02:01
GLLMPSLENL,HLA-A*02:01
LLMPSLENLD,HLA-A*02:01
AILDYHKQV,HLA-A*02:01
KIDVSNLAMV,HLA-A*02:01
LLFGKTVAI,HLA-A*02:01
ALLFGKTVAI,HLA-A*02:01
ILLENPVVT,HLA-A*02:01
LLENPVVTL,HLA-A*02:01
LILLENPVV,HLA-A*02:01
ISLILLENPV,HLA-A*02:01
LLLAVTSWVG,HLA-A*02:01
LLMPASASGA,HLA-A*02:01
FCLCDCPGLV,HLA-A*02:01
TLYVEPGFCL,HLA-A*02:01
EMIEKPTFL,HLA-A*02:01
VEMIEKPTFL,HLA-A*02:01
IMSSGILGL,HLA-A*02:01
AIMSSGILGL,HLA-A*02:01
IMSSGILGLA,HLA-A*02:01
RALIDLSSGL,HLA-A*02:01
RVYLTPYTV,HLA-A*02:01
YRVYLTPYTV,HLA-A*02:01
TLLSKECYSL,HLA-A*02:01
VQDLVDFFPV,HLA-A*02:01
SQMVSLPSA,HLA-A*02:01
ILAEGTDLV,HLA-A*02:01
EILAEGTDLV,HLA-A*02:01
ILAEGTDLVE,HLA-A*02:01
SLSEISQRL,HLA-A*02:01
SLSEISQRLL,HLA-A*02:01
ILSKKIQQL,HLA-A*02:01
FLYYLTPNG,HLA-A*02:01
MLVTFKDVV,HLA-A*02:01
MLVTFKDVVV,HLA-A*02:01
HLYFPDPSL,HLA-A*02:01
LHLYFPDPSL,HLA-A*02:01
RIFLNEIPL,HLA-A*02:01
IFLNEIPLFV,HLA-A*02:01
FLNEIPLFVE,HLA-A*02:01
FTIQGNVAL,HLA-A*02:01
SLSAQTSHYL,HLA-A*02:01
FLKKYLYKI,HLA-A*02:01
FLKKYLYKIA,HLA-A*02:01
YVYEGSGSV,HLA-A*02:01
SLATYVYEG,HLA-A*02:01
TLWTEDRNV,HLA-A*02:01
CLPTETWPQL,HLA-A*02:01
GLAPQSLDL,HLA-A*02:01
SQNEQGFHI,HLA-A*02:01
VTFTLFYMI,HLA-A*02:01
IVTFTLFYMI,HLA-A*02:01
SFLEYKHFV,HLA-A*02:01
VTFAVSFYV,HLA-A*02:01
TAWLEWWHV,HLA-A*02:01
FVGGVPLPL,HLA-A*02:01
YLLEKVDSI,HLA-A*02:01
LLPNYLLEKV,HLA-A*02:01
NYLLEKVDSI,HLA-A*02:01
YLLEKVDSIN,HLA-A*02:01
KVAQYLQQL,HLA-A*02:01
SLGQLQAHL,HLA-A*02:01
QLQAHLASA,HLA-A*02:01
ALDLEPMDTI,HLA-A*02:01
KLSLTGVPI,HLA-A*02:01
KLSLTGVPIV,HLA-A*02:01
IQPGGWFEV,HLA-A*02:01
RIQPGGWFEV,HLA-A*02:01
RLMEAQIAT,HLA-A*02:01
IRLMEAQIAT,HLA-A*02:01
YLCTVPCTT,HLA-A*02:01
NLYLCTVPC,HLA-A*02:01
ALMAAVFCL,HLA-A*02:01
LMAAVFCLT,HLA-A*02:01
TALMAAVFCL,HLA-A*02:01
ALMAAVFCLT,HLA-A*02:01
LLARQCTALM,HLA-A*02:01
AMVAIPGPA,HLA-A*02:01
MLFRPHVFM,HLA-A*02:01
MLFRPHVFMP,HLA-A*02:01
FLGPFPAGPL,HLA-A*02:01
WLADSWTAT,HLA-A*02:01
SLDTCTQFA,HLA-A*02:01
GAFEYLYKL,HLA-A*02:01
YLYKLRELWL,HLA-A*02:01
LMLRKVALK,HLA-A*03:01
SLQRLMLRK,HLA-A*03:01
PSLQRLMLRK,HLA-A*03:01
SLQRLMLRKV,HLA-A*03:01
LMLRKVALKN,HLA-A*03:01
GTPDYIAPK,HLA-A*03:01
LLRAAFFGK,HLA-A*03:01
LLRAAFFGKC,HLA-A*03:01
VIYSGGSTY,HLA-A*03:01
VIYSGGSTYY,HLA-A*03:01
SVIYSGGSTY,HLA-A*03:01
NLHFVFIFAK,HLA-A*03:01
SSSPHSPAK,HLA-A*03:01
CSSSPHSPAK,HLA-A*03:01
RSPCPQLCWK,HLA-A*03:01
KQVTEMMQK,HLA-A*03:01
TVAGIFLGY,HLA-A*03:01
RTVAGIFLGY,HLA-A*03:01
RLALFQNHK,HLA-A*03:01
ALFQNHKLDK,HLA-A*03:01
ERLALFQNHK,HLA-A*03:01
RLALFQNHKL,HLA-A*03:01
GLYCVQTGCK,HLA-A*03:01
LTGGIAHLLK,HLA-A*03:01
GIAHLLKQNK,HLA-A*03:01
RTARVCLWR,HLA-A*03:01
LSYSTVITPK,HLA-A*03:01
KISSLEGRSK,HLA-A*03:01
RTGIYHGGK,HLA-A*03:01
AQLIGKFEVK,HLA-A*03:01
ASKHITADK,HLA-A*03:01
ALKGFHTDPK,HLA-A*03:01
GSQIRLLRK,HLA-A*03:01
LSKLKNQMAK,HLA-A*03:01
HLNKKATEK,HLA-A*03:01
LHLNKKATEK,HLA-A*03:01
MVQKKPAELK,HLA-A*03:01
MLRNERQFK,HLA-A*03:01
SMLRNERQFK,HLA-A*03:01
TLREIRRYQK,HLA-A*03:01
AELRKKLGCK,HLA-A*03:01
ALVGPSGDGK,HLA-A*03:01
YLHIDFYHLK,HLA-A*03:01
RMHTLHMRY,HLA-A*03:01
TLHMRYQALK,HLA-A*03:01
FRMHTLHMRY,HLA-A*03:01
RMHTLHMRYQ,HLA-A*03:01
TMASVFIGR,HLA-A*03:01
LVFILRNQK,HLA-A*03:01
ILRNQKRSK,HLA-A*03:01
MLVFILRNQK,HLA-A*03:01
FLVKEWVSK,HLA-A*03:01
QLQQIFENYK,HLA-A*03:01
KMITSVMEK,HLA-A*03:01
SVMEKEASK,HLA-A*03:01
NKMITSVMEK,HLA-A*03:01
KMITSVMEKE,HLA-A*03:01
KMAPVTAPR,HLA-A*03:01
KMAPVTAPRR,HLA-A*03:01
RKMAPVTAPR,HLA-A*03:01
VTSILCYQK,HLA-A*03:01
VVTSILCYQK,HLA-A*03:01
GVKLKSVTFK,HLA-A*03:01
RMWFQWSEQH,HLA-A*03:01
YIYQDTIQVK,HLA-A*03:01
RLFNQTDTVY,HLA-A*03:01
AMPTMASVK,HLA-A*03:01
GAMPTMASVK,HLA-A*03:01
RLFKKLNFK,HLA-A*03:01
HRLFKKLNFK,HLA-A*03:01
RLFKKLNFKR,HLA-A*03:01
REVKEHRLFK,HLA-A*03:01
KVNWMPPRSR,HLA-A*03:01
RIISPRSIK,HLA-A*03:01
RRIISPRSIK,HLA-A*03:01
RIISPRSIKD,HLA-A*03:01
QISGTMSCQK,HLA-A*03:01
TEMGFHHVAK,HLA-A*03:01
VISPPRPPK,HLA-A*03:01
PVISPPRPPK,HLA-A*03:01
KLLGIRPNY,HLA-A*03:01
FMERYAPTAK,HLA-A*03:01
LLSIWGSRVK,HLA-A*03:01
LLRLGKMDGK,HLA-A*03:01
SMKERKVEK,HLA-A*03:01
RSMKERKVEK,HLA-A*03:01
GLSEISTTFY,HLA-A*03:01
RQQKKFYAK,HLA-A*03:01
KGVPPAGFPK,HLA-A*03:01
SMKDLESMGY,HLA-A*03:01
KGLALPRVPR,HLA-A*03:01
AVATLSFPY,HLA-A*03:01
GLFPPAESAR,HLA-A*03:01
LSHLPLTCK,HLA-A*03:01
YLSHLPLTCK,HLA-A*03:01
RVFAENLQK,HLA-A*03:01
SRVFAENLQK,HLA-A*03:01
RVFAENLQKN,HLA-A*03:01
IIFNGRENK,HLA-A*03:01
QIIFNGRENK,HLA-A*03:01
CITKNLLSEK,HLA-A*03:01
RTLASTPALR,HLA-A*03:01
ALRASIPCPR,HLA-A*03:01
QQAVPLFSK,HLA-A*03:01
TQQAVPLFSK,HLA-A*03:01
SAREHYLTFK,HLA-A*03:01
MAKCFGHLTK,HLA-A*03:01
LLPPPQSGK,HLA-A*03:01
GLLPPPQSGK,HLA-A*03:01
LLPPPQSGKK,HLA-A*03:01
RSWAVVTLK,HLA-A*03:01
ERSWAVVTLK,HLA-A*03:01
RSWAVVTLKI,HLA-A*03:01
TQLGALSRK,HLA-A*03:01
STQLGALSRK,HLA-A*03:01
SMSRSTSFR,HLA-A*03:01
ISMSRSTSFR,HLA-A*03:01
HTVRVVWRGK,HLA-A*03:01
YTSSTTGNPK,HLA-A*03:01
KNIYNWTEEY,HLA-A*03:01
IVCADPVYK,HLA-A*03:01
SIVCADPVYK,HLA-A*03:01
YIRSAVDGK,HLA-A*03:01
VYIRSAVDGK,HLA-A*03:01
GAGLFLYFK,HLA-A*03:01
GLFLYFKNQK,HLA-A*03:01
LGAGLFLYFK,HLA-A*03:01
MLLVCSLCK,HLA-A*03:01
FMLLVCSLCK,HLA-A*03:01
LVCSLCKHLK,HLA-A*03:01
RLQKSSELK,HLA-A*03:01
SELKDCSGSK,HLA-A*03:01
DRLQKSSELK,HLA-A*03:01
KVYGMVLSR,HLA-A*03:01
RKVYGMVLSR,HLA-A*03:01
KVYGMVLSRH,HLA-A*03:01
MTSAVYAPY,HLA-A*03:01
SAVYAPYDVK,HLA-A*03:01
VMTSAVYAPY,HLA-A*03:01
VTSSAAQAAK,HLA-A*03:01
LVGTPNLRK,HLA-A*03:01
VLVGTPNLRK,HLA-A*03:01
RILWWQALK,HLA-A*03:01
GRILWWQALK,HLA-A*03:01
RILWWQALKS,HLA-A*03:01
ILWWQALKSR,HLA-A*03:01
ATVWFSNVGR,HLA-A*03:01
ATVRSLEVEK,HLA-A*03:01
RVLGFDVKK,HLA-A*03:01
AMRVLGFDVK,HLA-A*03:01
MRVLGFDVKK,HLA-A*03:01
SLSREQGEK,HLA-A*03:01
QTYQKKPMK,HLA-A*03:01
QTYQKKPMKK,HLA-A*03:01
VQTYQKKPMK,HLA-A*03:01
LNFYVQTYQK,HLA-A*03:01
TTKSVSPTIK,HLA-A*03:01
MAFSFAGLPK,HLA-A*03:01
SSMSSFSEY,HLA-A*03:01
ILLPVPKQK,HLA-A*03:01
AVILLPVPK,HLA-A*03:01
VILLPVPKQK,HLA-A*03:01
NAVILLPVPK,HLA-A*03:01
TIHWKENLK,HLA-A*03:01
AIFGKVKRFR,HLA-A*03:01
YLLSKRLVK,HLA-A*03:01
RYLLSKRLVK,HLA-A*03:01
QLSERTAQK,HLA-A*03:01
AQLSERTAQK,HLA-A*03:01
VLNPQPGKK,HLA-A*03:01
HVLNPQPGK,HLA-A*03:01
SHVLNPQPGK,HLA-A*03:01
HVLNPQPGKK,HLA-A*03:01
KLFSLTLKK,HLA-A*03:01
RSSSSCVPK,HLA-A*03:01
PKLFSLTLKK,HLA-A*03:01
KLFSLTLKKL,HLA-A*03:01
FLANQQKKYK,HLA-A*03:01
YAHWCSMCK,HLA-A*03:01
FYAHWCSMCK,HLA-A*03:01
AVYQRLLTPR,HLA-A*03:01
RLLTPRTPAR,HLA-A*03:01
NIYICLTAGK,HLA-A*03:01
KDMICWGEEK,HLA-A*03:01
FLFQTPGDK,HLA-A*03:01
KLYAIKILK,HLA-A*03:01
KLYAIKILKK,HLA-A*03:01
EKLYAIKILK,HLA-A*03:01
MLADRKGTEK,HLA-A*03:01
SILSAEVEK,HLA-A*03:01
KSILSAEVEK,HLA-A*03:01
ASWSLYGFR,HLA-A*03:01
LLTSASWSLY,HLA-A*03:01
VSAGHWSSEK,HLA-A*03:01
VVAVFLNNK,HLA-A*03:01
AVVAVFLNNK,HLA-A*03:01
ILNQNAAFSK,HLA-A*03:01
FLDMNRFQSK,HLA-A*03:01
VLFITKGLR,HLA-A*03:01
RVARRALSSR,HLA-A*03:01
MMHSSNSCK,HLA-A*03:01
SSNSCKTLK,HLA-A*03:01
TMMHSSNSCK,HLA-A*03:01
HSSNSCKTLK,HLA-A*03:01
RIYTGERPY,HLA-A*03:01
HLRIYTGEK,HLA-A*03:01
RIYTGEKPY,HLA-A*03:01
GLFHHLRIY,HLA-A*03:01
HHLRIYTGEK,HLA-A*03:01
AGLFHHLRIY,HLA-A*03:01
KLCSPFDVDK,HLA-A*03:01
LLYYPRQPGR,HLA-A*03:01
FVYSFLFLY,HLA-A*03:01
GQEFAAFFAK,HLA-A*03:01
SIIFYQLNK,HLA-A*03:01
LSIIFYQLNK,HLA-A*03:01
SIIFYQLNKR,HLA-A*03:01
APVFRISGRR,HLA-A*03:01
ILSIKTVINY,HLA-A*03:01
FISQVVTKK,HLA-A*03:01
HVFISQVVTK,HLA-A*03:01
VFISQVVTKK,HLA-A*03:01
RFVQWLKHQK,HLA-A*03:01
LTAVYQHMK,HLA-A*03:01
VLTAVYQHMK,HLA-A*03:01
KLQLHEFQK,HLA-A*03:01
QLHEFQKDYK,HLA-A*03:01
LMGSECLHKK,HLA-A*03:01
IVFGPGDQK,HLA-A*03:01
SIVFGPGDQK,HLA-A*03:01
STALARLSK,HLA-A*03:01
QSTALARLSK,HLA-A*03:01
LLIDREFSK,HLA-A*03:01
GLLIDREFSK,HLA-A*03:01
ASEFIVYVQK,HLA-A*03:01
KTVSSGSKAK,HLA-A*03:01
SVQGDSAYCK,HLA-A*03:01
LTGSPAESIK,HLA-A*03:01
CLDIAFNFFK,HLA-A*03:01
QLSLFCLENK,HLA-A*03:01
SSFSSSPGDK,HLA-A*03:01
AIYGMETLK,HLA-A*03:01
KVKRYLAIY,HLA-A*03:01
LAIYGMETLK,HLA-A*03:01
AIYGMETLKG,HLA-A*03:01
FSSKQVFSK,HLA-A*03:01
LVHGRWSYIK,HLA-A*03:01
MQCEYTPLSK,HLA-A*03:01
PLPFYQWFLK,HLA-A*03:01
LLPNYLLEK,HLA-A*03:01
VLLPNYLLEK,HLA-A*03:01
NTRNGLFSNK,HLA-A*03:01
RPLGPPPPGK,HLA-A*03:01
MTDRSILQK,HLA-A*03:01
TMTDRSILQK,HLA-A*03:01
MTDRSILQKK,HLA-A*03:01
RVKTTQFVPK,HLA-A*03:01
ALSPAPTTK,HLA-A*03:01
TALSPAPTTK,HLA-A*03:01
MAAVFCLTQK,HLA-A*03:01
SPVLKKPPNK,HLA-A*03:01
AEINREVGQK,HLA-A*03:01
AINSYEVDIK,HLA-A*03:01
ALIQGLNKEK,HLA-A*03:01
SGAFEYLYK,HLA-A*03:01
RLMAQDNFGY,HLA-A*03:01
RVAGTTGKK,HLA-A*11:01
SRVAGTTGKK,HLA-A*11:01
SQLFICTAK,HLA-A*11:01
GSQLFICTAK,HLA-A*11:01
QLLEKGVLVK,HLA-A*11:01
TTKEPAPTTK,HLA-A*11:01
KTVPGIASK,HLA-A*11:01
TVPGIASKK,HLA-A*11:01
KTVPGIASKK,HLA-A*11:01
LKTVPGIASK,HLA-A*11:01
VVVGADGVGK,HLA-A*11:01
ASYPLARQY,HLA-A*11:01
LAASYPLAR,HLA-A*11:01
VLVFTLGYK,HLA-A*11:01
CVLVFTLGY,HLA-A*11:01
CVLVFTLGYK,HLA-A*11:01
RSHTGERPYK,HLA-A*11:01
GLLPPPQSGK,HLA-A*11:01
FSGRANLSK,HLA-A*11:01
RANLSKHQK,HLA-A*11:01
AFSGRANLSK,HLA-A*11:01
VQSNPKIKK,HLA-A*11:01
KIKKGAVQK,HLA-A*11:01
VEMINLPLDK,HLA-A*11:01
TQHPRHLPQK,HLA-A*11:01
SVSDMAPTR,HLA-A*11:01
VSDMAPTRPR,HLA-A*11:01
STQETVELGK,HLA-A*11:01
ILMLYAQPK,HLA-A*11:01
MLYAQPKAK,HLA-A*11:01
CILMLYAQPK,HLA-A*11:01
LMLYAQPKAK,HLA-A*11:01
ALALTQTWAR,HLA-A*11:01
FILDLGAAK,HLA-A*11:01
CFILDLGAAK,HLA-A*11:01
TIPQAYWTK,HLA-A*11:01
TFLGGNLVK,HLA-A*11:01
SLRACYHMK,HLA-A*11:01
TGLKMAMEK,HLA-A*11:01
SLDGASLEK,HLA-A*11:01
VSSNENCRK,HLA-A*11:01
TMCECMSFY,HLA-A*11:01
YDYVSALHPV,HLA-A*23:01
KEYPVIFKSI,HLA-A*23:01
PYLPLRDASF,HLA-A*24:02
RTFEKCLEF,HLA-A*24:02
MYRALHTVF,HLA-A*24:02
VYCTSPDFKI,HLA-A*24:02
HWMKAPIFF,HLA-A*24:02
AHWMKAPIFF,HLA-A*24:02
HWMKAPIFFS,HLA-A*24:02
NWATAKLLF,HLA-A*24:02
PNWATAKLLF,HLA-A*24:02
YAGIFYFQF,HLA-A*24:02
GYAGIFYFQF,HLA-A*24:02
YFQFWQHSEW,HLA-A*24:02
SYSHPSPLVL,HLA-A*24:02
KFGRRWQLI,HLA-A*24:02
FFIHCFSFF,HLA-A*24:02
LFFIHCFSFF,HLA-A*24:02
KYIERCLQNF,HLA-A*24:02
KWQQVWQEL,HLA-A*24:02
KWQQVWQELL,HLA-A*24:02
CYSDRNHQI,HLA-A*24:02
IYFIGCQRSI,HLA-A*24:02
FYRAKYVRL,HLA-A*24:02
FYGEAVVATL,HLA-A*24:02
IYAIGVHLF,HLA-A*24:02
CIYAIGVHLF,HLA-A*24:02
IYAIGVHLFV,HLA-A*24:02
RTVACTFNF,HLA-A*24:02
GFSYTHTSF,HLA-A*24:02
YGFSYTHTSF,HLA-A*24:02
CYRRYWSCGF,HLA-A*24:02
YYGNKKQLL,HLA-A*24:02
YYYGNKKQLL,HLA-A*24:02
RFISSLSKI,HLA-A*24:02
ISPYASFFF,HLA-A*24:02
PYASFFFTA,HLA-A*24:02
LISPYASFFF,HLA-A*24:02
TWEYKYYEI,HLA-A*24:02
KYYEIGPVSF,HLA-A*24:02
NYIPNSIQI,HLA-A*24:02
NNYIPNSIQI,HLA-A*24:02
KLPPAKTYRF,HLA-A*24:02
MFYSAGHSF,HLA-A*24:02
FYSAGHSFI,HLA-A*24:02
TMFYSAGHSF,HLA-A*24:02
FYSAGHSFIL,HLA-A*24:02
MFYSAGHSFI,HLA-A*24:02
LYVEPGFCL,HLA-A*24:02
YYLTPNGQRF,HLA-A*24:02
TFKDVVVTF,HLA-A*24:02
VTFKDVVVTF,HLA-A*24:02
YSDPSVLYMF,HLA-A*24:02
IFLNEIPLF,HLA-A*24:02
RIFLNEIPLF,HLA-A*24:02
KSFSYSSLF,HLA-A*24:02
DFVADWAGTF,HLA-A*25:01
EIHGAIVQM,HLA-A*25:01
EVMEKDGTTF,HLA-A*25:01
SIPGIMGAL,HLA-A*26:01
MVMADISLL,HLA-A*26:01
FVSNQVGQF,HLA-A*26:01
ETVELGKTF,HLA-A*26:01
ESRQEVPMY,HLA-A*26:01
TTAEQRRNAY,HLA-A*26:01
DVIRRQEEF,HLA-A*26:01
GYGGRYYSY,HLA-A*29:02
HLVGYGGRY,HLA-A*29:02
LVGYGGRYY,HLA-A*29:02
VGYGGRYYSY,HLA-A*29:02
HLVGYGGRYY,HLA-A*29:02
ITCKKAAFPY,HLA-A*29:02
LTPRLHLPY,HLA-A*29:02
TLTPRLHLPY,HLA-A*29:02
LKYYYVWQY,HLA-A*29:02
VLKYYYVWQY,HLA-A*29:02
YGVFSSLGY,HLA-A*29:02
VFSSLGYTH,HLA-A*29:02
FYGVFSSLGY,HLA-A*29:02
QVAATNYFY,HLA-A*29:02
CQVAATNYFY,HLA-A*29:02
LYCQVAATNY,HLA-A*29:02
MMQTSTYYY,HLA-A*29:02
FMMQTSTYY,HLA-A*29:02
DFMMQTSTY,HLA-A*29:02
FMMQTSTYYY,HLA-A*29:02
YDFMMQTSTY,HLA-A*29:02
DFMMQTSTYY,HLA-A*29:02
MMQTSTYYYS,HLA-A*29:02
RYFEKLLIY,HLA-A*29:02
KLLIYCDQY,HLA-A*29:02
KRYFEKLLIY,HLA-A*29:02
MIVIFGLEF,HLA-A*29:02
SLRAHYTPY,HLA-A*29:02
ASLRAHYTPY,HLA-A*29:02
SQSLLSQLY,HLA-A*29:02
SSQSLLSQLY,HLA-A*29:02
LFGPYKQLF,HLA-A*29:02
VGVILFGPY,HLA-A*29:02
QVGVILFGPY,HLA-A*29:02
YIKGYKILY,HLA-A*29:02
QYIKGYKILY,HLA-A*29:02
GGVPFQALY,HLA-A*29:02
VPFQALYNY,HLA-A*29:02
GVPFQALYNY,HLA-A*29:02
NLSKVLPQY,HLA-A*29:02
VLPQYLEIY,HLA-A*29:02
KVLPQYLEIY,HLA-A*29:02
HLMLRLGAEY,HLA-A*30:02
TDMNNKITYY,HLA-A*30:02
ITDMNNKITY,HLA-A*30:02
MEHFYLSFY,HLA-A*30:02
RMEHFYLSF,HLA-A*30:02
RMEHFYLSFY,HLA-A*30:02
SFYTAEQLVY,HLA-A*30:02
KKTVIWGLY,HLA-A*30:02
KKKTVIWGLY,HLA-A*30:02
RLRFQQFQY,HLA-A*30:02
QRLRFQQFQY,HLA-A*30:02
RLRFQQFQYH,HLA-A*30:02
MLMLLLFLY,HLA-A*30:02
RILLVAASY,HLA-A*30:02
HRILLVAASY,HLA-A*30:02
KYKPKRLGY,HLA-A*30:02
RDILRPGFHY,HLA-A*30:02
VKMLQVWEGY,HLA-A*30:02
SVGLVQSCY,HLA-A*30:02
SSAPGLRTY,HLA-A*30:02
SSSAPGLRTY,HLA-A*30:02
RLLRAKYVY,HLA-A*30:02
LRLLRAKYVY,HLA-A*30:02
IIFELACYTY,HLA-A*30:02
RMRKATPYY,HLA-A*30:02
MRKATPYYY,HLA-A*30:02
RMRKATPYYY,HLA-A*30:02
ERMRKATPYY,HLA-A*30:02
VSCENVMIRY,HLA-A*30:02
AVLPRERLY,HLA-A*30:02
RLYLEPIKEY,HLA-A*30:02
RIHIGERPY,HLA-A*30:02
RRIHIGERPY,HLA-A*30:02
ADFVQTMSCY,HLA-A*30:02
MSFQLLVTY,HLA-A*30:02
LMSFQLLVTY,HLA-A*30:02
QLKWKNSFY,HLA-A*30:02
EQLKWKNSFY,HLA-A*30:02
KAYRFFSQF,HLA-A*30:02
KSFNYRSVF,HLA-A*30:02
SELWKLKFSY,HLA-A*30:02
KPFLLNPRLY,HLA-A*30:02
KSQRQYDMY,HLA-A*30:02
SGFLARKIY,HLA-A*30:02
KSGFLARKIY,HLA-A*30:02
NSSSQSNRY,HLA-A*30:02
HNSSSQSNRY,HLA-A*30:02
KVDPIGHVY,HLA-A*30:02
MKVDPIGHVY,HLA-A*30:02
RLLIYGASI,HLA-A*32:01
HLLSSFLHL,HLA-A*32:01
KVFPMHLML,HLA-A*32:01
AKVFPMHLML,HLA-A*32:01
VVCQVHFII,HLA-A*32:01
IQSFFFLAL,HLA-A*32:01
YMLESPELL,HLA-A*32:01
GTASCFCAF,HLA-A*32:01
MNNKITYYF,HLA-A*32:01
RMEHFYLSF,HLA-A*32:01
KRMEHFYLSF,HLA-A*32:01
RMEHFYLSFY,HLA-A*32:01
RSPFAPRGSW,HLA-A*32:01
AMKKKTVIW,HLA-A*32:01
RLRFQQFQY,HLA-A*32:01
ITGGLFYMI,HLA-A*32:01
HLFGLSVLI,HLA-A*32:01
RHLFGLSVLI,HLA-A*32:01
RILLVAASY,HLA-A*32:01
ILRPGFHYRF,HLA-A*32:01
SSSSTLLSI,HLA-A*32:01
GTMDRTRVF,HLA-A*32:01
KSFNSSSHL,HLA-A*32:01
VQSCYMQSF,HLA-A*32:01
ITFLCIFFSI,HLA-A*32:01
KAAYQALQL,HLA-A*32:01
AIRDGLLAW,HLA-A*32:01
KAIRDGLLAW,HLA-A*32:01
RTFEKCLEF,HLA-A*32:01
RTFEKCLEFI,HLA-A*32:01
VLSCFIVLF,HLA-A*32:01
RTIPIDGIF,HLA-A*32:01
RTIPIDGIFF,HLA-A*32:01
NSGAPQREKR,HLA-A*68:01
TLYLQMSSLR,HLA-A*68:01
STRAAGIPAR,HLA-A*68:01
CSHCFPWCR,HLA-A*68:01
WCSHCFPWCR,HLA-A*68:01
LASAPPQEQK,HLA-A*68:01
QAMHPTLAR,HLA-A*68:01
QAMHPTLARK,HLA-A*68:01
IQAMHPTLAR,HLA-A*68:01
TGLYQLPEPR,HLA-A*68:01
LMAGPEAAR,HLA-A*68:01
MSACKQLSNK,HLA-A*68:01
HIGEKPYVCR,HLA-A*68:01
GAADKHGHLR,HLA-A*68:01
LIAASFYGR,HLA-A*68:01
AASFYGRGR,HLA-A*68:01
VLIAASFYGR,HLA-A*68:01
IAASFYGRGR,HLA-A*68:01
LIAASFYGRG,HLA-A*68:01
SLAATTFHWK,HLA-A*68:01
MLEPIRIKK,HLA-A*68:01
ELSYNPFLR,HLA-A*68:01
EELSYNPFLR,HLA-A*68:01
NSTAPFVLK,HLA-A*68:01
TAPFVLKPR,HLA-A*68:01
STAPFVLKPR,HLA-A*68:01
TNSTAPFVLK,HLA-A*68:01
VLKPRSVFLR,HLA-A*68:01
HLNDFSACQK,HLA-A*68:01
SAVRYSGHR,HLA-A*68:01
SSAVRYSGHR,HLA-A*68:01
EMNLSDCLNR,HLA-A*68:01
TVTLGTSIK,HLA-A*68:01
NTVTLGTSIK,HLA-A*68:01
GVPGFTTSR,HLA-A*68:01
TGVPGFTTSR,HLA-A*68:01
CAMGINMPAR,HLA-A*68:01
MSEQNTCNQK,HLA-A*68:01
ETLICPLCR,HLA-A*68:01
TLICPLCRSK,HLA-A*68:01
EFIHILYYR,HLA-A*68:01
KEFIHILYYR,HLA-A*68:01
EFIHILYYRH,HLA-A*68:01
FSILPLLLK,HLA-A*68:01
TFSILPLLLK,HLA-A*68:01
FIYSKAYPQ,HLA-A*68:01
GTDGFIYSK,HLA-A*68:01
FGTDGFIYSK,HLA-A*68:01
WVFGTDGFIY,HLA-A*68:01
IVLNKESWR,HLA-A*68:01
EIVLNKESWR,HLA-A*68:01
QTNLVPHPR,HLA-A*68:01
FQTNLVPHPR,HLA-A*68:01
QTNLVPHPRI,HLA-A*68:01
QAPVEYNQR,HLA-A*68:01
EMELVTERK,HLA-A*68:01
LNSASWAFR,HLA-A*68:01
WAFRDGEVR,HLA-A*68:01
SWAFRDGEVR,HLA-A*68:01
RLNSASWAFR,HLA-A*68:01
NVMQESGFCK,HLA-A*68:01
WSPTLQWGR,HLA-A*68:01
FWSPTLQWGR,HLA-A*68:01
NILQDVLHR,HLA-A*68:01
QGLYQLPEPR,HLA-A*68:01
YAILYMNPHK,HLA-A*68:01
FSVIRGDQV,HLA-A*68:02
EVKSVVDFFT,HLA-A*68:02
YSVRALYTT,HLA-A*68:02
LVAGLQHQM,HLA-A*68:02
FIYAVISMQM,HLA-A*68:02
HTIIGHIASL,HLA-A*68:02
MVINTGDHTI,HLA-A*68:02
RVTNLCYMV,HLA-A*68:02
ERVTNLCYMV,HLA-A*68:02
YPTTHIDVNV,HLA-A*68:02
TTHIDVNVNT,HLA-A*68:02
EVAEKELVI,HLA-A*68:02
MAKWVAVKV,HLA-A*68:02
EMAKWVAVKV,HLA-A*68:02
STCMGCLRGV,HLA-A*68:02
ATISTCMGCL,HLA-A*68:02
PPHKGGPAM,HLA-B*07:02
TPPHKGGPAM,HLA-B*07:02
FPRVERHLV,HLA-B*07:02
MPSPPASTI,HLA-B*07:02
SPPASTISA,HLA-B*07:02
EPAFGKISPL,HLA-B*07:02
WPRTARVCLW,HLA-B*07:02
ITPKTLANLL,HLA-B*07:02
KPRRKPGRV,HLA-B*07:02
LLRCTSPSM,HLA-B*07:02
HPGSSHRNTA,HLA-B*07:02
LPPMLRPPL,HLA-B*07:02
HPPTPLPPM,HLA-B*07:02
NPGVHPPTPL,HLA-B*07:02
HPPTPLPPML,HLA-B*07:02
TASGARGPL,HLA-B*07:02
GPLRHRSET,HLA-B*07:02
LPEKCLTEL,HLA-B*07:02
SPLSAVGGF,HLA-B*07:02
SPLSAVGGFL,HLA-B*07:02
TVRGGDEAL,HLA-B*07:02
QAMQGRTTL,HLA-B*07:02
VQAMQGRTTL,HLA-B*07:02
KPLPPEPPAV,HLA-B*07:02
LLRCLQAPL,HLA-B*07:02
LPAFDVLGQL,HLA-B*07:02
NPTNGAIYTL,HLA-B*07:02
LPGTGGHGPL,HLA-B*07:02
RPALGSTPP,HLA-B*07:02
APASLTREV,HLA-B*07:02
APASLTREVI,HLA-B*07:02
APHPERTDPV,HLA-B*07:02
GTPRTAALAL,HLA-B*07:02
RPGTVTLREI,HLA-B*07:02
APSPSGQSI,HLA-B*07:02
SPVKAPSPS,HLA-B*07:02
KAPSPSGQSI,HLA-B*07:02
GPAMARKFSA,HLA-B*07:02
KPPRFPQNTI,HLA-B*07:02
HPTMASVFI,HLA-B*07:02
RHPTMASVFI,HLA-B*07:02
LPVTDTSSV,HLA-B*07:02
LPVTSPSSA,HLA-B*07:02
TPLPVTSPS,HLA-B*07:02
QPRKMAPVT,HLA-B*07:02
QPRKMAPVTA,HLA-B*07:02
TARLRLQSL,HLA-B*07:02
RPNHVCGNV,HLA-B*07:02
RPNHVCGNVV,HLA-B*07:02
APATLGPHL,HLA-B*07:02
LARMPPKAV,HLA-B*07:02
KAVSRGCAI,HLA-B*07:02
RPLARMPPKA,HLA-B*07:02
MPTMASVKL,HLA-B*07:02
AMPTMASVKL,HLA-B*07:02
MPPRSRADSF,HLA-B*07:02
SAGGFRTTL,HLA-B*07:02
TPASRTGSA,HLA-B*07:02
GPPRAGTPA,HLA-B*07:02
RGPPRAGTPA,HLA-B*07:02
GTPASRTGSA,HLA-B*07:02
TPASRTGSAT,HLA-B*07:02
GPPRAGTPAS,HLA-B*07:02
STRAAGIPA,HLA-B*07:02
HPLGHSVHA,HLA-B*07:02
HPLGHSVHAV,HLA-B*07:02
LARKITGML,HLA-B*07:02
HPTLARKIT,HLA-B*07:02
SPLMAGPEA,HLA-B*07:02
SPLMAGPEAA,HLA-B*07:02
VPTPPQGSF,HLA-B*07:02
NPKEQRKYL,HLA-B*07:02
CPSTLGEEL,HLA-B*07:02
FVLKPRSVF,HLA-B*07:02
APFVLKPRSV,HLA-B*07:02
IPQQRREGF,HLA-B*07:02
LPIILHTKL,HLA-B*07:02
LPRDGLPSI,HLA-B*07:02
LPSISASAA,HLA-B*07:02
LLPRDGLPSI,HLA-B*07:02
LPSISASAAA,HLA-B*07:02
LPVTSFSSV,HLA-B*07:02
LPVTDASSV,HLA-B*07:02
HPRIHFPLA,HLA-B*07:02
VPHPRIHFPL,HLA-B*07:02
HPRIHFPLAT,HLA-B*07:02
APGRWKLHLA,HLA-B*07:02
SPTLQWGRL,HLA-B*07:02
HPLPLAKGM,HLA-B*07:02
SPLGNRYAG,HLA-B*07:02
EPASPAAAV,HLA-B*07:02
NDMKARQKAL,HLA-B*08:01
LPGVVKLPPL,HLA-B*08:01
EMDFVRLAQL,HLA-B*08:01
DISSRHHSL,HLA-B*08:01
RDISSRHHSL,HLA-B*08:01
DMKKRVEHA,HLA-B*08:01
DMKKRVEHAF,HLA-B*08:01
SMAKTSTSL,HLA-B*08:01
FSMAKTSTSL,HLA-B*08:01
HPAEKYVSKL,HLA-B*08:01
AMMTHLHEA,HLA-B*08:01
MAMMTHLHEA,HLA-B*08:01
MMTHLHEAAV,HLA-B*08:01
DPLFQRTQVL,HLA-B*08:01
SMFSKFIPL,HLA-B*08:01
KSMFSKFIPL,HLA-B*08:01
SMFSKFIPLI,HLA-B*08:01
TGQIRATPF,HLA-B*08:01
MLSSVIYSL,HLA-B*08:01
QLRERCSVA,HLA-B*08:01
WLALWKRNEL,HLA-B*08:01
LPKLFIVGL,HLA-B*08:01
HLLIRGGRI,HLA-B*08:01
WRMEVAWSM,HLA-B*08:01
APRNRGSEF,HLA-B*08:01
SSFLRRLSL,HLA-B*08:01
ASSFLRRLSL,HLA-B*08:01
YPGGRRSSLF,HLA-B*08:01
WNQTKFETL,HLA-B*08:01
MASVKLSTL,HLA-B*08:01
TMASVKLSTL,HLA-B*08:01
HTRLGRVSL,HLA-B*08:01
HELQRFYFL,HLA-B*08:01
FARNRVCIS,HLA-B*08:01
FARNRVCISF,HLA-B*08:01
FLGKIYCLL,HLA-B*08:01
WRMEGSWSM,HLA-B*08:01
QQAVPLFSV,HLA-B*13:02
KQLELVKVSV,HLA-B*13:02
LEMNYAELV,HLA-B*13:02
VEACCSVLSI,HLA-B*13:02
AQVSLVFKV,HLA-B*13:02
REMLAANRV,HLA-B*13:02
CEIMNDIPI,HLA-B*13:02
LQMVTVSPI,HLA-B*13:02
FHYRFLSQL,HLA-B*14:01
FYIRKINPL,HLA-B*14:02
YMARLVPPL,HLA-B*14:02
ERMRRGQTAL,HLA-B*14:02
ERSGEHWAL,HLA-B*14:02
EHWALRVRPL,HLA-B*14:02
GALFASRPRF,HLA-B*15:01
TIIVTEMGF,HLA-B*15:01
KTIIVTEMGF,HLA-B*15:01
CQFMHPKSL,HLA-B*15:01
FMHPKSLPG,HLA-B*15:01
FMHPKSLPGF,HLA-B*15:01
WLEVKSVVDF,HLA-B*15:01
LEVKSVVDFF,HLA-B*15:01
FSACLSAVEM,HLA-B*15:01
IQYSVRALY,HLA-B*15:01
GIQYSVRALY,HLA-B*15:01
IQYSVRALYT,HLA-B*15:01
HQMSFASVRI,HLA-B*15:01
LQHQMSFASV,HLA-B*15:01
QQAVPLFSVL,HLA-B*15:01
RSFQAITLSM,HLA-B*15:01
FQAITLSMDL,HLA-B*15:01
QAITLSMDLF,HLA-B*15:01
WPQRFAQLEL,HLA-B*15:01
YAVISMQMF,HLA-B*15:01
SMQMFGKIAL,HLA-B*15:01
KLLGIRPNY,HLA-B*15:01
IQNWQGGIL,HLA-B*15:01
YIQNWQGGIL,HLA-B*15:01
RVEALQLPNF,HLA-B*15:01
TLHIGSMAM,HLA-B*15:01
VTLHIGSMAM,HLA-B*15:01
TLHIGSMAMM,HLA-B*15:01
GQFPGSPEL,HLA-B*15:01
RQIHETVRVV,HLA-B*15:01
LQRQHTLQF,HLA-B*15:01
ILQRQHTLQF,HLA-B*15:01
LQRQHTLQFG,HLA-B*15:01
KSGNHQGIVF,HLA-B*15:01
GLSEISTTF,HLA-B*15:01
AGLSEISTTF,HLA-B*15:01
GLSEISTTFY,HLA-B*15:01
TVSPASTTM,HLA-B*15:01
STVSPASTTM,HLA-B*15:01
VAICHPLHY,HLA-B*15:01
YVAICHPLHY,HLA-B*15:01
TILGYVQAF,HLA-B*15:01
YTILGYVQAF,HLA-B*15:01
FSMKDLESM,HLA-B*15:01
SMKDLESMGY,HLA-B*15:01
ATRVDAICTY,HLA-B*15:01
LQAVATLSF,HLA-B*15:01
AVATLSFPY,HLA-B*15:01
LLQAVATLSF,HLA-B*15:01
QAVATLSFPY,HLA-B*15:01
LQAVATLSFP,HLA-B*15:01
MIDLQSMHQF,HLA-B*15:01
GLYLEGGLF,HLA-B*15:01
LGLYLEGGLF,HLA-B*15:01
YMADIFTTCM,HLA-B*15:01
LSHLPLTCKF,HLA-B*15:01
ISVDLEMNY,HLA-B*15:01
LEMNYAELVL,HLA-B*15:01
LTVAPAGEWF,HLA-B*15:01
LQNNCLRQL,HLA-B*15:01
CLRQLPGNIF,HLA-B*15:01
LEQIHNRVAL,HLA-B*15:01
HQEKCLSRLY,HLA-B*15:01
HLPKMNNLY,HLA-B*15:01
KMNNLYLRL,HLA-B*15:01
LLHLLTLSM,HLA-B*15:01
LTLSMDLFY,HLA-B*15:01
HLLTLSMDLF,HLA-B*15:01
LLTLSMDLFY,HLA-B*15:01
RVGADFRPM,HLA-B*15:01
MLNEDFLGM,HLA-B*15:01
RQESMLNEDF,HLA-B*15:01
SMLNEDFLGM,HLA-B*15:01
LQMPQMPPPL,HLA-B*15:01
STKLSMDLF,HLA-B*15:01
RMNGQAFIGL,HLA-B*15:01
LTFNSLSPL,HLA-B*15:01
GQNSLTFNSL,HLA-B*15:01
SLTFNSLSPL,HLA-B*15:01
CIRDVHELF,HLA-B*15:01
QQAEEGLPL,HLA-B*15:01
SQQAEEGLPL,HLA-B*15:01
SAREHYLTF,HLA-B*15:01
MSAREHYLTF,HLA-B*15:01
RLYERDFQM,HLA-B*15:01
KQVQLEQDEY,HLA-B*15:01
SLNEHLQAL,HLA-B*15:01
VMAKCFGHL,HLA-B*15:01
ISMSRSTSF,HLA-B*15:01
RISMSRSTSF,HLA-B*15:01
LAHRYLTGTY,HLA-B*15:01
ASIGHATPL,HLA-B*15:01
WIKLTKNIY,HLA-B*15:01
NIYNWTEEY,HLA-B*15:01
KNIYNWTEEY,HLA-B*15:01
SIVCADPVY,HLA-B*15:01
LSIVCADPVY,HLA-B*15:01
LGAGLFLYF,HLA-B*15:01
FLGAGLFLY,HLA-B*15:01
FLGAGLFLYF,HLA-B*15:01
AMLPPPAIM,HLA-B*15:01
IMNYIFLLL,HLA-B*15:01
MLPPPAIMNY,HLA-B*15:01
RGVCVCVCVF,HLA-B*15:01
CMGCLRGVF,HLA-B*15:01
TCMGCLRGVF,HLA-B*15:01
KSTSGSFSF,HLA-B*15:01
FQFTSPGIH,HLA-B*15:01
FQFTSPGIHY,HLA-B*15:01
STSGSFSFQF,HLA-B*15:01
MTSAVYAPY,HLA-B*15:01
VMTSAVYAPY,HLA-B*15:01
TLRVMTSAVY,HLA-B*15:01
MTSAVYAPYD,HLA-B*15:01
TEAQVSLVF,HLA-B*15:01
GTEAQVSLVF,HLA-B*15:01
LESETISEPY,HLA-B*15:01
TQAAGSLFF,HLA-B*15:01
STQAAGSLF,HLA-B*15:01
STQAAGSLFF,HLA-B*15:01
ASTQAAGSLF,HLA-B*15:01
TQAAGSLFFD,HLA-B*15:01
ISMLQCSSF,HLA-B*15:01
LQCSSFTPNW,HLA-B*15:01
NISMLQCSSF,HLA-B*15:01
MSCGGGRSF,HLA-B*15:01
RMSCGGGRSF,HLA-B*15:01
KVIPLIGVY,HLA-B*15:01
SKVIPLIGVY,HLA-B*15:01
IPLIGVYLVF,HLA-B*15:01
KVIPLIGVYL,HLA-B*15:01
LAFRFAVNTM,HLA-B*15:01
VQRGMLSQM,HLA-B*15:01
MLSQMLSAI,HLA-B*15:01
AVQRGMLSQM,HLA-B*15:01
MLSQMLSAIL,HLA-B*15:01
VQRGMLSQML,HLA-B*15:01
AQQNRERPF,HLA-B*15:01
LAQQNRERPF,HLA-B*15:01
KLIILWKNLY,HLA-B*15:01
RTISVRVTTM,HLA-B*15:01
GMACDRAKVF,HLA-B*15:01
LIISWKNLY,HLA-B*15:01
KLIISWKNLY,HLA-B*15:01
LMKEYLLSFS,HLA-B*15:01
YICTYCAKAY,HLA-B*15:01
AKAYRFLSQF,HLA-B*15:01
SQAFHRGHL,HLA-B*15:01
RLLRAKYVY,HLA-B*15:01
LRLLRAKYVY,HLA-B*15:01
QQVLSWRGEF,HLA-B*15:01
FTEISIGSF,HLA-B*15:01
WIIFELACY,HLA-B*15:01
AQNRPEWIIF,HLA-B*15:01
IIFELACYTY,HLA-B*15:01
FELACYTYSM,HLA-B*15:01
RMRKATPYY,HLA-B*15:01
RMRKATPYYY,HLA-B*15:01
ERMRKATPYY,HLA-B*15:01
ILISQIAPDL,HLA-B*15:01
MDVNFSGAAF,HLA-B*15:01
SLNCMFGFF,HLA-B*15:01
ISFCAHTSL,HLA-B*15:01
TSLNCMFGFF,HLA-B*15:01
TQVSCENVM,HLA-B*15:01
LTQVSCENVM,HLA-B*15:01
RQHATNVRIM,HLA-B*15:01
FAFSALFFF,HLA-B*15:01
VIFAFSALFF,HLA-B*15:01
IFAFSALFFF,HLA-B*15:01
YTPGEVILVF,HLA-B*15:01
RLYLEPIKEY,HLA-B*15:01
CEGRSAGSIF,HLA-B*15:01
KVGFQGEGCF,HLA-B*15:01
RIHIGERPY,HLA-B*15:01
RRIHIGERPY,HLA-B*15:01
SLADFVQTM,HLA-B*15:01
VQKGESLADF,HLA-B*15:01
RQLLLTSPVL,HLA-B*15:01
MVSVDGGFF,HLA-B*15:01
MSFQLLVTY,HLA-B*15:01
ALSLLLMSF,HLA-B*15:01
LMSFQLLVTY,HLA-B*15:01
WALSLLLMSF,HLA-B*15:01
QLKWKNSFY,HLA-B*15:01
REQLKWKNSF,HLA-B*15:01
KAYRFFSQF,HLA-B*15:01
FSQFKQHIKM,HLA-B*15:01
SLAIPVASM,HLA-B*15:01
LAIPVASMEF,HLA-B*15:01
YLKKSSGEPL,HLA-B*15:01
KSFNYRSVF,HLA-B*15:01
GKSFNYRSVF,HLA-B*15:01
IMKFTGSLI,HLA-B*15:01
IMKFTGSLIL,HLA-B*15:01
TQSSVSLIL,HLA-B*15:01
KISEKSEIF,HLA-B*15:01
FLARKIYADM,HLA-B*15:01
ADEQIESMTY,HLA-B*18:01
EEIESDFKL,HLA-B*18:01
SECFPLAVM,HLA-B*18:01
YEALRAFDF,HLA-B*18:01
DELGKRDTF,HLA-B*18:01
NPEMLNKVLY,HLA-B*18:01
SECDVYLTY,HLA-B*18:01
VSECDVYLTY,HLA-B*18:01
SECDVYLTYM,HLA-B*18:01
VEILQSAFGY,HLA-B*18:01
QEKCLSRLY,HLA-B*18:01
NEKALEAVF,HLA-B*18:01
MEHFYLSFY,HLA-B*18:01
RMEHFYLSFY,HLA-B*18:01
MEHFYLSFYT,HLA-B*18:01
DEYVHRIGH,HLA-B*18:01
CELENVADF,HLA-B*18:01
TEISIGSFL,HLA-B*18:01
TEISIGSFLF,HLA-B*18:01
FELACYTYSM,HLA-B*18:01
SELWKLKFSY,HLA-B*18:01
LESELWKLKF,HLA-B*18:01
WETQSSVSL,HLA-B*18:01
DERLASAAA,HLA-B*18:01
TRTVACTFNF,HLA-B*27:02
RRYWSCGFY,HLA-B*27:02
YRRYWSCGF,HLA-B*27:02
YRRYWSCGFY,HLA-B*27:02
KRLQVYLSI,HLA-B*27:02
KRLQVYLSIL,HLA-B*27:02
YRALMVVGI,HLA-B*27:02
HRVAQIFCL,HLA-B*27:02
YRAYCQIKVF,HLA-B*27:02
RRSRRQLPL,HLA-B*27:02
SRFPINIFF,HLA-B*27:02
LSRFPINIFF,HLA-B*27:02
VRVSWADNF,HLA-B*27:02
NRSPIQTRF,HLA-B*27:02
QTRFSLKFEY,HLA-B*27:02
RRKKIWDMY,HLA-B*27:02
KRIALCIDGL,HLA-B*27:02
TRIVTFTLF,HLA-B*27:02
TRIVTFTLFY,HLA-B*27:02
FPSQRTSWEF,HLA-B*35:01
FPTEAEFQL,HLA-B*35:01
VAFPTEAEF,HLA-B*35:01
HVAFPTEAEF,HLA-B*35:01
IPVDYETPRM,HLA-B*35:01
DVNDHALRF,HLA-B*35:01
EGQSPSSAY,HLA-B*35:01
QSPSSAYLLF,HLA-B*35:01
EGQSPSPAY,HLA-B*35:01
QSPSPAYLLF,HLA-B*35:01
NPVWDYLHL,HLA-B*35:01
NPVWDYLHLM,HLA-B*35:01
CPSTLGEEL,HLA-B*35:03
ANHDETSFLL,HLA-B*38:01
VHMVMADISL,HLA-B*38:01
RHYFRDHLL,HLA-B*38:01
WQQVWQELL,HLA-B*38:01
LHLMAPISL,HLA-B*38:01
NLHLMAPISL,HLA-B*38:01
HRVAQIFCL,HLA-B*38:01
YGHHDAVPSL,HLA-B*38:01
FENITLGINF,HLA-B*40:01
KEIHGAIVQM,HLA-B*40:01
EEIESDFKL,HLA-B*40:01
SEEIESDFKL,HLA-B*40:01
EELNKSITAL,HLA-B*40:01
SEVEELNKSI,HLA-B*40:01
SECFPLAVM,HLA-B*40:01
GSECFPLAVM,HLA-B*40:01
YEALRAFDF,HLA-B*40:01
GEAAAYNNTL,HLA-B*40:01
VEENTTISV,HLA-B*40:01
SEASISGVSL,HLA-B*40:01
GEAFTHIKRL,HLA-B*40:01
MPELLPCGYL,HLA-B*40:01
SECDVYLTYM,HLA-B*40:01
AEVAYFVEI,HLA-B*40:01
AEVAYFVEIL,HLA-B*40:01
GAEVAYFVEI,HLA-B*40:01
KEISRFKEQL,HLA-B*40:01
TERNTNSLPL,HLA-B*40:01
QEQKHTSLPL,HLA-B*40:01
AEMNKLWVQM,HLA-B*40:01
SEGFPQSPL,HLA-B*40:01
VSELMKVSAM,HLA-B*41:02
SELMKVSAMS,HLA-B*41:02
HTELERFLEY,HLA-B*44:02
READAQLSF,HLA-B*44:02
KREADAQLSF,HLA-B*44:02
HELKVAMRV,HLA-B*44:02
GESYMIMEI,HLA-B*44:02
AGESYMIMEI,HLA-B*44:02
AEVVTSVAF,HLA-B*44:02
AEVVTSVAFM,HLA-B*44:02
TAEVVTSVAF,HLA-B*44:02
SEFTAAFAG,HLA-B*44:02
SPEMKSHSYL,HLA-B*44:02
SEMDEMSVQL,HLA-B*44:02
MELSVNIPV,HLA-B*44:02
AESSSLIPI,HLA-B*44:02
AESLNFEVV,HLA-B*44:02
AESLNFEVVM,HLA-B*44:02
FELTTHQRIY,HLA-B*44:02
EECGKEFKKF,HLA-B*44:02
CELALSEGIF,HLA-B*44:02
SEGIFFWGQL,HLA-B*44:02
AENAGLLAG,HLA-B*44:03
EENDNGPLI,HLA-B*44:03
SENGQTWTGW,HLA-B*44:03
RELEKFGNEF,HLA-B*44:03
KMEMEHSLIL,HLA-B*44:03
QEQQQALSI,HLA-B*44:03
LEQRVSELF,HLA-B*44:03
QLEQRVSELF,HLA-B*44:03
KEVQENCVRW,HLA-B*44:03
EEMTSDLATM,HLA-B*44:03
MEDFYMARLV,HLA-B*44:03
CEGPPWGKGF,HLA-B*44:03
KEIAASERY,HLA-B*44:03
GKEIAASERY,HLA-B*44:03
MERIQPGGW,HLA-B*44:03
MERIQPGGWF,HLA-B*44:03
MEAQIATGGI,HLA-B*44:03
TEQDYVHCHF,HLA-B*44:03
AEGETPHMLF,HLA-B*44:03
TFPAAAFPTA,HLA-B*56:01
YPTPSHSHT,HLA-B*56:01
YPTPSHSHTT,HLA-B*56:01
MAMMTHLHEA,HLA-B*56:01
HPTTVCLPG,HLA-B*56:01
APWAGGSAA,HLA-B*56:01
KAPWAGGSAA,HLA-B*56:01
QPLLATPAA,HLA-B*56:01
CQPLLATPAA,HLA-B*56:01
TPFLSVRPG,HLA-B*56:01
IPMLSSVIYS,HLA-B*56:01
LPVTSLSSA,HLA-B*56:01
LPVTSLSSAS,HLA-B*56:01
LPVTDASSV,HLA-B*56:01
TPLPVTDAS,HLA-B*56:01
TPLPVTIPS,HLA-B*56:01
TPLPVTIPSS,HLA-B*56:01
TTPLPVTIPS,HLA-B*56:01
TPLLVTDTS,HLA-B*56:01
LVAGLQHQM,HLA-C*02:02
RSFQAITLSM,HLA-C*02:02
YSAKTIQNY,HLA-C*02:02
YSAKTIQNYL,HLA-C*02:02
YTVAIIFHM,HLA-C*02:02
FSKESDTSY,HLA-C*02:02
YSHPSPLVL,HLA-C*02:02
KSYSHPSPL,HLA-C*02:02
MSYQPLSCL,HLA-C*02:02
LMSGVYLEM,HLA-C*02:02
FSFFESSVL,HLA-C*02:02
FSFFESSVLL,HLA-C*02:02
MAYDHFVVI,HLA-C*02:02
KVFCCTHSL,HLA-C*02:02
FLSSPNREI,HLA-C*02:02
LTSEIVPAL,HLA-C*02:02
LTSEIVPALF,HLA-C*02:02
MALETAASV,HLA-C*02:02
FLLQSIQAV,HLA-C*02:02
YAIGVHLFV,HLA-C*02:02
YAIGVHLFVM,HLA-C*02:02
VAFQNGRLM,HLA-C*02:02
HSYCFVPGY,HLA-C*02:02
HSYCFVPGYY,HLA-C*02:02
FSIMTESAEM,HLA-C*02:02
STFAIFSPM,HLA-C*02:02
MSTFAIFSPM,HLA-C*02:02
FSYTHTSFL,HLA-C*02:02
KATSYPLAF,HLA-C*02:02
LSTQVANLL,HLA-C*02:02
FQIDDKTFF,HLA-C*02:02
KSYALLNRY,HLA-C*02:02
LISPYASFF,HLA-C*02:02
FFTADRLTPL,HLA-C*02:02
ISNNNTEFL,HLA-C*02:02
ISFFSTSIV,HLA-C*02:02
YSAGHSFIL,HLA-C*02:02
YSSSSGLLM,HLA-C*02:02
RSYSSSSGL,HLA-C*02:02
FSSEMASAI,HLA-C*02:02
FGSSTTSAL,HLA-C*02:02
LTFEPIPTHM,HLA-C*02:02
LSSGLPNRL,HLA-C*02:02
LQAPSAAAM,HLA-C*02:02
RTPSPSGLM,HLA-C*02:02
YLTPNGQRF,HLA-C*02:02
HLVEHLHLY,HLA-C*02:02
YSDPSVLYMF,HLA-C*02:02
FLNEIPLFV,HLA-C*02:02
KAFELGIPV,HLA-C*02:02
FTIQGNVAL,HLA-C*02:02
LSAQTSHYL,HLA-C*02:02
YVYEGSGSV,HLA-C*02:02
KSFSYSSLF,HLA-C*02:02
LSSATVPGM,HLA-C*02:02
YVKNFDQAV,HLA-C*02:02
KAVWNWLIL,HLA-C*03:02
FKAVWNWLIL,HLA-C*03:02
FSVIRGDQV,HLA-C*03:02
CQFMHPKSL,HLA-C*03:02
FMHPKSLPGF,HLA-C*03:02
IQYSVRALY,HLA-C*03:02
LVAGLQHQM,HLA-C*03:02
AGLQHQMSF,HLA-C*03:02
ITLSMDLFY,HLA-C*03:02
QAITLSMDL,HLA-C*03:02
RSFQAITLSM,HLA-C*03:02
FQAITLSMDL,HLA-C*03:02
LAWPQRFAQL,HLA-C*03:02
GAKSEPVAM,HLA-C*03:02
YAVISMQMF,HLA-C*03:02
FFIYAVISM,HLA-C*03:02
ISMQMFGKI,HLA-C*03:02
IYAVISMQM,HLA-C*03:02
FIYAVISMQM,HLA-C*03:02
SAHESGLQL,HLA-C*03:02
LQRQHTLQF,HLA-C*03:02
WILQRQHTL,HLA-C*03:02
LTLSMDLFY,HLA-C*03:02
LLHLLTLSM,HLA-C*03:02
YVLDKKNGF,HLA-C*03:02
FIDDSAMHI,HLA-C*03:03
GSFIDDSAM,HLA-C*03:03
ASMNITLAV,HLA-C*03:03
LAVPRIKEI,HLA-C*03:03
VASMNITLAV,HLA-C*03:03
FTEISIGSF,HLA-C*03:03
LSQRPFFPL,HLA-C*03:03
FPLPVVSRL,HLA-C*03:03
FSGAAFVVV,HLA-C*03:03
ISFCAHTSL,HLA-C*03:03
HATNVRIMF,HLA-C*03:03
FAFSALFFF,HLA-C*03:03
SLADFVQTM,HLA-C*03:03
KAYRFFSQF,HLA-C*03:03
TVYNDGQSL,HLA-C*03:03
SLAIPVASM,HLA-C*03:03
LAIPVASMEF,HLA-C*03:03
FTVLEDVPI,HLA-C*03:03
KSFNYRSVF,HLA-C*03:03
FLLNPRLYL,HLA-C*03:03
MKFTGSLIL,HLA-C*03:03
NIMKFTGSL,HLA-C*03:03
STVELADEL,HLA-C*03:03
AANPASSPA,HLA-C*03:03
IINYFTCEI,HLA-C*03:03
LPYSGRPAL,HLA-C*03:04
YSSTLTRHM,HLA-C*03:04
KAFSVSSTL,HLA-C*03:04
WSLGVLVAL,HLA-C*03:04
MAWSLGVLV,HLA-C*03:04
VTMRGGFAM,HLA-C*03:04
LYHPGPVPL,HLA-C*03:04
ILYHPGPVPL,HLA-C*03:04
FPHPIGTIL,HLA-C*03:04
HPIGTILLL,HLA-C*03:04
FPHPIGTILL,HLA-C*03:04
YTVSGLRRL,HLA-C*03:04
RASWLAPVL,HLA-C*03:04
LAIYLITLV,HLA-C*03:04
LSRSSSLII,HLA-C*03:04
FSSTVTPKM,HLA-C*03:04
FADVCFSSTV,HLA-C*03:04
FLMFFISEF,HLA-C*03:04
LALGGAEAL,HLA-C*03:04
IQSFFFLAL,HLA-C*03:04
FLALGGAEAL,HLA-C*03:04
AAYNNTLVA,HLA-C*03:04
EAAAYNNTL,HLA-C*03:04
AAAYNNTLV,HLA-C*03:04
YLVEENTTI,HLA-C*03:04
YFNSNDVPL,HLA-C*03:04
VAIISEASI,HLA-C*03:04
EASISGVSL,HLA-C*03:04
FAENLQKNL,HLA-C*03:04
RSAGDVAWL,HLA-C*03:04
MGSKIGTSV,HLA-C*03:04
LVVAVGEAF,HLA-C*03:04
SVLQQRTPM,HLA-C*03:04
IPAHQAAVL,HLA-C*03:04
YMVEDTFVL,HLA-C*03:04
TAVLPPPQL,HLA-C*03:04
AVLPPPQLL,HLA-C*03:04
KTFRHNSAL,HLA-C*03:04
FSRRHFQTV,HLA-C*03:04
IVSECDVYL,HLA-C*03:04
FVEILQSAF,HLA-C*03:04
AALPWRQQL,HLA-C*03:04
ITAPASQKL,HLA-C*03:04
SASKPVAAA,HLA-C*03:04
SVMTPPLPL,HLA-C*03:04
LTLPQDSVM,HLA-C*03:04
VVFAVTFVL,HLA-C*03:04
YVVFAVTFV,HLA-C*03:04
KPIDGSMLL,HLA-C*03:04
YSTERNTNSL,HLA-C*03:04
AGIPPPPLL,HLA-C*03:04
SIPSSFSPL,HLA-C*03:04
HSIPSSFSPL,HLA-C*03:04
VSTGQATPL,HLA-C*03:04
ASTGDTTSL,HLA-C*03:04
ASTGHTTPL,HLA-C*03:04
SASTGHTTPL,HLA-C*03:04
ASSGDTTPL,HLA-C*03:04
SASSGDTTPL,HLA-C*03:04
ASTGHATPL,HLA-C*03:04
SASTGHATPL,HLA-C*03:04
ASTGDTSPL,HLA-C*03:04
HTTPLPVTI,HLA-C*03:04
LASTGDTTPL,HLA-C*03:04
ASTGDTTPL,HLA-C*03:04
STSTGHATL,HLA-C*03:04
TSTGHATLL,HLA-C*03:04
VSTGHATPL,HLA-C*03:04
VSTGHTTPL,HLA-C*03:04
VSTGHATSL,HLA-C*03:04
VSPSSSSTL,HLA-C*03:04
VSCSSSSTL,HLA-C*03:04
HSDSWHLSL,HLA-C*03:04
GSNPPYLPL,HLA-C*03:04
KAAYQALQL,HLA-C*03:04
VAFPTEAEF,HLA-C*03:04
RTFEKCLEF,HLA-C*03:04
FTLAFKNEL,HLA-C*03:04
ISTSGIIVL,HLA-C*03:04
RTIPIDGIF,HLA-C*03:04
VTDVVEAKL,HLA-C*05:01
SSDLGTPPL,HLA-C*05:01
FTDRNWEEL,HLA-C*05:01
YMLESPELL,HLA-C*05:01
MADIFTTCM,HLA-C*05:01
YMADIFTTCM,HLA-C*05:01
LVDVRVPVF,HLA-C*05:01
YLEQIHNRV,HLA-C*05:01
FTDLEYKCI,HLA-C*05:01
RADHDLGRL,HLA-C*05:01
GSDDIHSAL,HLA-C*05:01
LGSDDIHSAL,HLA-C*05:01
ILENTDLFL,HLA-C*05:01
LSDQLPQHTF,HLA-C*05:01
YTQDCYIFL,HLA-C*05:01
VTDTSSASI,HLA-C*05:01
FNDDNMGPL,HLA-C*05:01
WSDNVVHSSL,HLA-C*05:01
FIDDSAMHI,HLA-C*05:01
FTEISIGSF,HLA-C*05:01
STEDTYLRF,HLA-C*05:01
FTETKENVI,HLA-C*05:01
YNDGQSLAI,HLA-C*05:01
AVDSYLNWL,HLA-C*05:01
YYMNWIRQA,HLA-C*06:02
YYMSWVRQA,HLA-C*06:02
FFNCVPHLI,HLA-C*06:02
WRMEVAWSM,HLA-C*06:02
SSFLRRLSL,HLA-C*06:02
QRFYFLRHI,HLA-C*06:02
LRFLPPSAV,HLA-C*06:02
WRMEGSWSM,HLA-C*06:02
YRADHDLGRL,HLA-C*06:02
GRMNGQAFI,HLA-C*06:02
LRKVYGMVL,HLA-C*06:02
KRVEHAFIL,HLA-C*07:01
LRFQSSAVI,HLA-C*07:01
YIYNREEYV,HLA-C*07:01
IRATPFLSV,HLA-C*07:01
VRINRLDLL,HLA-C*07:01
FFNCVPHLI,HLA-C*07:01
WRMEVAWSM,HLA-C*07:01
SSFLRRLSL,HLA-C*07:01
QRFYFLRHI,HLA-C*07:01
LRFLPPSAV,HLA-C*07:01
WRMEGSWSM,HLA-C*07:01
FFRNGSQSM,HLA-C*07:02
FRNGSQSMY,HLA-C*07:02
HREARGPSF,HLA-C*07:02
IFLGYSFTL,HLA-C*07:02
RYTEGAELM,HLA-C*07:02
QRNLYRTVM,HLA-C*07:02
IYTLRSFNF,HLA-C*07:02
MFYRRSMGV,HLA-C*07:02
RYRPGTVTL,HLA-C*07:02
HRYRPGTVTL,HLA-C*07:02
TRLERLVNV,HLA-C*07:02
FYHLKEATV,HLA-C*07:02
TFRMHTLHM,HLA-C*07:02
FRMHTLHMRY,HLA-C*07:02
WRHPTMASV,HLA-C*07:02
WRHPTMASVF,HLA-C*07:02
HRLFKKLNF,HLA-C*07:02
RRIISPRSI,HLA-C*07:02
LYIPKRRII,HLA-C*07:02
LYYQDQLLL,HLA-C*07:02
YYQDQLLLV,HLA-C*07:02
ARKITGMLL,HLA-C*07:02
RLFPFIQAM,HLA-C*07:02
SFYGRGRLV,HLA-C*07:02
KFFDLWNKF,HLA-C*07:02
QRREGFVSF,HLA-C*07:02
LYAFSQLAM,HLA-C*07:02
NYLEKKRLF,HLA-C*07:02
ARFFKQPAF,HLA-C*07:02
RYIGGGCGF,HLA-C*07:02
TRTLFPVIL,HLA-C*07:02
YFIVNSSVF,HLA-C*07:02
SRTQYAILY,HLA-C*07:02
SRTQYAILYM,HLA-C*07:02
LRRRGLLPF,HLA-C*07:02
YRKVLYHYY,HLA-C*07:02
RAPAYLLEL,HLA-C*07:02
LRAPAYLLEL,HLA-C*07:02
SRLSGGHSL,HLA-C*07:02
SYASTGQEF,HLA-C*07:02
SRLEAVLSI,HLA-C*07:02
SQYEKAVEL,HLA-C*07:02
STFPGRLPL,HLA-C*07:02
IFQRSTATM,HLA-C*07:02
YKLENLSSF,HLA-C*07:02
KYRLERLVL,HLA-C*07:02
FFRQKGSLTL,HLA-C*07:02
FLFHSAPAL,HLA-C*07:02
FSTPVILSF,HLA-C*07:02
WRPYPTDLEM,HLA-C*07:02
KRYLAIYGM,HLA-C*07:02
KRMRLLQFI,HLA-C*07:02
SYIKMCKFL,HLA-C*07:02
VYVGRFKFL,HLA-C*07:02
MRGVFPHVL,HLA-C*07:02
FGDVGSTLF,HLA-C*08:02
FTDRNWEEL,HLA-C*08:02
GSDDIHSAL,HLA-C*08:02
MVMADISLL,HLA-C*12:02
VMADISLLL,HLA-C*12:02
MVMADISLLL,HLA-C*12:02
FMFCQAIRF,HLA-C*12:02
ASYPLARQY,HLA-C*12:02
SVLLTVNAM,HLA-C*12:02
KAFSGRANL,HLA-C*12:02
MRAANPAAAF,HLA-C*12:02
FVSNQVGQF,HLA-C*12:02
ATSLHVTSL,HLA-C*12:02
RAEDTAVYY,HLA-C*12:03
MVMADISLL,HLA-C*12:03
VMADISLLL,HLA-C*12:03
ISLLLPPVL,HLA-C*12:03
HMVMADISL,HLA-C*12:03
MVMADISLLL,HLA-C*12:03
LPYSGRPAL,HLA-C*12:03
HGAIVQMLL,HLA-C*12:03
YSSTLTRHM,HLA-C*12:03
KAFSVSSTL,HLA-C*12:03
MAWSLGVLV,HLA-C*12:03
WSLGVLVAL,HLA-C*12:03
VTMRGGFAM,HLA-C*12:03
TMRGGFAML,HLA-C*12:03
WTRGSRRPV,HLA-C*12:03
LYHPGPVPL,HLA-C*12:03
FMFCQAIRF,HLA-C*12:03
FPHPIGTIL,HLA-C*12:03
HPIGTILLL,HLA-C*12:03
FFPHPIGTI,HLA-C*12:03
YFFPHPIGTI,HLA-C*12:03
FTKKKSRAV,HLA-C*12:03
YTVSGLRRL,HLA-C*12:03
TVSGLRRLF,HLA-C*12:03
STAAPPPRL,HLA-C*12:03
ASYPLARQY,HLA-C*12:03
LVFTLGYKI,HLA-C*12:03
SVLLTVNAM,HLA-C*12:03
QASTAPTSV,HLA-C*12:03
HGVEASSAV,HLA-C*12:03
MATSHGVEA,HLA-C*12:03
KAFSGRANL,HLA-C*12:03
MRAANPAAAF,HLA-C*12:03
YGVEMINLPL,HLA-C*12:03
FVSNQVGQF,HLA-C*12:03
ATSLHVTSL,HLA-C*12:03
SGVNEILLM,HLA-C*12:03
RASWLAPVL,HLA-C*12:03
TAAPPTPSA,HLA-C*12:03
QSFPSGSAA,HLA-C*12:03
LSGALALAL,HLA-C*12:03
LALALTQTW,HLA-C*12:03
LSGGILASL,HLA-C*12:03
VSPPLRHRL,HLA-C*12:03
LAIYLITLV,HLA-C*12:03
YLITLVGNL,HLA-C*12:03
LSRSSSLII,HLA-C*12:03
FSSTVTPKM,HLA-C*12:03
FADVCFSSTV,HLA-C*12:03
FLMFFISEF,HLA-C*12:03
LMFFISEFF,HLA-C*12:03
RAFDFRVGA,HLA-C*12:03
LALGGAEAL,HLA-C*12:03
IQSFFFLAL,HLA-C*12:03
AAYNNTLVA,HLA-C*12:03
AAAYNNTLV,HLA-C*12:03
EAAAYNNTL,HLA-C*12:03
QAWWWGTLV,HLA-C*12:03
IQAWWWGTL,HLA-C*12:03
WGTLVRRAL,HLA-C*12:03
YLVEENTTI,HLA-C*12:03
HMTEVVRRF,HLA-C*12:03
TIKSVTLEI,HLA-C*12:03
MTIKSVTLEI,HLA-C*12:03
TIIFVTLEI,HLA-C*12:03
CSYFNSNDV,HLA-C*12:03
YFNSNDVPL,HLA-C*12:03
NSNDVPLKL,HLA-C*12:03
FNSNDVPLKL,HLA-C*12:03
VAIISEASI,HLA-C*12:03
RSAGDVAWL,HLA-C*12:03
MGSKIGTSV,HLA-C*12:03
LVVAVGEAF,HLA-C*12:03
KAHGVLTEA,HLA-C*12:03
SVLQQRTPM,HLA-C*12:03
LIPAHQAAV,HLA-C*12:03
YMVEDTFVL,HLA-C*12:03
AVLPPPQLL,HLA-C*12:03
TAVLPPPQL,HLA-C*12:03
RVHTGKTAY,HLA-C*12:03
KTFRHNSAL,HLA-C*12:03
FRHNSALVI,HLA-C*12:03
LIRSHNLEM,HLA-C*12:03
FSRRHFQTV,HLA-C*12:03
RHFQTVTVM,HLA-C*12:03
IVSECDVYL,HLA-C*12:03
FVEILQSAF,HLA-C*12:03
RLSDPVAYI,HLA-C*12:03
AALPWRQQL,HLA-C*12:03
ITAPASQKL,HLA-C*12:03
SASKPVAAA,HLA-C*12:03
SVMTPPLPL,HLA-C*12:03
LTLPQDSVM,HLA-C*12:03
AARKKFQLM,HLA-C*12:03
YVVFAVTFV,HLA-C*12:03
VVFAVTFVL,HLA-C*12:03
YLFLDIITYV,HLA-C*12:03
YVVFAVTFVL,HLA-C*12:03
KPIDGSMLL,HLA-C*12:03
CVSVTRISL,HLA-C*12:03
YSSGFHNIA,HLA-C*12:03
YSSGFHNIAV,HLA-C*12:03
YSTERNTNSL,HLA-C*12:03
AGIPPPPLL,HLA-C*12:03
LYHSIPSSF,HLA-C*12:03
SIPSSFSPL,HLA-C*12:03
HSIPSSFSPL,HLA-C*12:03
VSTGQATPL,HLA-C*12:03
ASTGDTTSL,HLA-C*12:03
ASTGHTTPL,HLA-C*12:03
ASSGDTTPL,HLA-C*12:03
ASTGHATPL,HLA-C*12:03
HTTPLPVTI,HLA-C*12:03
STSTGHATL,HLA-C*12:03
TSTGHATLL,HLA-C*12:03
VSTGHATPL,HLA-C*12:03
VSTGHTTPL,HLA-C*12:03
VSTGHATSL,HLA-C*12:03
TTPLPVTSL,HLA-C*12:03
YVRALTANA,HLA-C*12:03
VSPSSSSTL,HLA-C*12:03
VSCSSSSTL,HLA-C*12:03
FTSHRTATA,HLA-C*12:03
YLFTSHRTA,HLA-C*12:03
HSDSWHLSL,HLA-C*12:03
LYYQDQLLL,HLA-C*12:03
TLYLQMSSL,HLA-C*12:03
RAAGIPARF,HLA-C*12:03
LGHSVHAVL,HLA-C*12:03
LARKITGML,HLA-C*12:03
MSGERLFPL,HLA-C*12:03
WLFPLIQAM,HLA-C*12:03
RLFPFIQAM,HLA-C*12:03
FIQAMHPTL,HLA-C*12:03
YQLPEPRMI,HLA-C*12:03
VAGELQAPV,HLA-C*12:03
FGMLHQVLV,HLA-C*12:03
RAVKNMFGM,HLA-C*12:03
ISRAVKNMF,HLA-C*12:03
NMFGMLHQV,HLA-C*12:03
HGHLREVSL,HLA-C*12:03
QANVHHSVI,HLA-C*12:03
ASFYGRGRL,HLA-C*12:03
SFYGRGRLV,HLA-C*12:03
MSSLAATTF,HLA-C*12:03
FVGGGFAGL,HLA-C*12:03
KSFNSSSHL,HLA-C*12:03
FVLKPRSVF,HLA-C*12:03
FVLKPRSVFL,HLA-C*12:03
KIRDLLEEL,HLA-C*12:03
WGWGRGPPV,HLA-C*12:03
GVFSGNTVL,HLA-C*12:03
LGVFSGNTV,HLA-C*12:03
NTVTLGTSI,HLA-C*12:03
YAFSQLAES,HLA-C*12:03
YAFSQLAESL,HLA-C*12:03
LYAFSQLAM,HLA-C*12:03
YAFSQLAMS,HLA-C*12:03
YAFSQLAMSL,HLA-C*12:03
FLLEIHDYV,HLA-C*12:03
YVFSCQFGNF,HLA-C*12:03
CAMGINMPA,HLA-C*12:03
SMMPAGVSI,HLA-C*12:03
ISMMPAGVSI,HLA-C*12:03
ATPLPVTSF,HLA-C*12:03
SSTGDITPL,HLA-C*12:03
STGDITPLL,HLA-C*12:03
TGHATSLPV,HLA-C*12:03
STFSILPLL,HLA-C*12:03
VSTFSILPL,HLA-C*12:03
FLLVSTFSI,HLA-C*12:03
STFSILPLLL,HLA-C*12:03
WVFGTDGFI,HLA-C*12:03
FIYSKAYPQF,HLA-C*12:03
FETMSYIKTI,HLA-C*12:03
RTKQHGQFF,HLA-C*12:03
FLAVVSLNI,HLA-C*12:03
EGYQSLQPM,HLA-C*12:03
YSSRTQYAI,HLA-C*12:03
RTQYAILYM,HLA-C*12:03
SSRTQYAIL,HLA-C*12:03
YSAKTIQNY,HLA-C*12:03
SAKTIQNYL,HLA-C*12:03
YSAKTIQNYL,HLA-C*12:03
SSMDLLSSRF,HLA-C*12:03
YTVAIIFHM,HLA-C*12:03
IIFHMLSGL,HLA-C*12:03
FSKESDTSY,HLA-C*12:03
FSKESDTSYV,HLA-C*12:03
KAPIFFSKV,HLA-C*12:03
LLFSETGFL,HLA-C*12:03
YSHPSPLVL,HLA-C*12:03
KSYSHPSPL,HLA-C*12:03
SYSHPSPLVL,HLA-C*12:03
KSYSHPSPLV,HLA-C*12:03
MSYQPLSCL,HLA-C*12:03
LMSGVYLEM,HLA-C*12:03
SSAWRILPA,HLA-C*12:03
SSAFLKGAY,HLA-C*12:03
LRHEGSSAF,HLA-C*12:03
FSFFESSVL,HLA-C*12:03
SFFESSVLL,HLA-C*12:03
FSFFESSVLL,HLA-C*12:03
MAYDHFVVI,HLA-C*12:03
VVICNPLLY,HLA-C*12:03
FVVICNPLL,HLA-C*12:03
VMAYDHFVVI,HLA-C*12:03
MAYDHFVVIC,HLA-C*12:03
FVVICNPLLY,HLA-C*12:03
MSGITQTPY,HLA-C*12:03
KVFCCTHSL,HLA-C*12:03
FLSSPNREI,HLA-C*12:03
LTSEIVPAL,HLA-C*12:03
MQNYINKAL,HLA-C*12:03
STNDEQPEM,HLA-C*12:03
MALETAASV,HLA-C*12:03
TAASVQEFF,HLA-C*12:03
YFIGCQRSI,HLA-C*12:03
FLLQSIQAV,HLA-C*12:03
QSIQAVPDL,HLA-C*12:03
INFQGGSHF,HLA-C*12:03
YAIGVHLFV,HLA-C*12:03
YAIGVHLFVM,HLA-C*12:03
LSRRVTNEI,HLA-C*12:03
VAFQNGRLM,HLA-C*12:03
VAFQNGRLML,HLA-C*12:03
KVAFQNGRLM,HLA-C*12:03
FSRDNGGDAV,HLA-C*12:03
HSYCFVPGY,HLA-C*12:03
HSYCFVPGYY,HLA-C*12:03
ETITRLPTF,HLA-C*12:03
ITRLPTFSI,HLA-C*12:03
FSIMTESAEM,HLA-C*12:03
STFAIFSPM,HLA-C*12:03
FAIFSPMST,HLA-C*12:03
MSTFAIFSPM,HLA-C*12:03
VMFEGARNI,HLA-C*12:03
KTRTVACTF,HLA-C*12:03
FSYTHTSFL,HLA-C*12:03
YGFSYTHTS,HLA-C*12:03
YGFSYTHTSF,HLA-C*12:03
GFSYTHTSFL,HLA-C*12:03
FSYTHTSFLT,HLA-C*12:03
SATANVHEI,HLA-C*12:03
ATANVHEIL,HLA-C*12:03
FSATANVHEI,HLA-C*12:03
KATSYPLAF,HLA-C*12:03
TSYPLAFIA,HLA-C*12:03
ASKATSYPL,HLA-C*12:03
IGMIASSVV,HLA-C*12:03
IASSVVVWV,HLA-C*12:03
MIASSVVVW,HLA-C*12:03
FVIGMIASSV,HLA-C*12:03
RSQENPNAY,HLA-C*12:03
SAFDPLNFPI,HLA-C*12:03
YRRYWSCGF,HLA-C*12:03
RLYEELANF,HLA-C*12:03
FGGKRLQVY,HLA-C*12:03
KPFENLHLM,HLA-C*12:03
FKPFENLHLM,HLA-C*12:03
LSTQVANLL,HLA-C*12:03
QVANLLNTV,HLA-C*12:03
FLSIRVCQY,HLA-C*12:03
LSRVQRAVL,HLA-C*12:03
VQRAVLSAL,HLA-C*12:03
SSLTLSSEL,HLA-C*12:03
YYYGNKKQL,HLA-C*12:03
QAYRALMVV,HLA-C*12:03
STLQAYRAL,HLA-C*12:03
FQIDDKTFF,HLA-C*12:03
IIIPIINTI,HLA-C*12:03
QASSAPTLL,HLA-C*12:03
CLYPGTKFL,HLA-C*12:03
KSYALLNRY,HLA-C*12:03
LISPYASFF,HLA-C*12:03
ISPYASFFF,HLA-C*12:03
FFTADRLTPL,HLA-C*12:03
YKYYEIGPV,HLA-C*12:03
ASLPSCAPL,HLA-C*12:03
INYNRIFSL,HLA-C*12:03
ISNNNTEFL,HLA-C*12:03
ISNFLLFIL,HLA-C*12:03
ISFFSTSIV,HLA-C*12:03
FFSTSIVVI,HLA-C*12:03
SFFSTSIVV,HLA-C*12:03
ITENTPISF,HLA-C*12:03
ISFFSTSIVV,HLA-C*12:03
YSAGHSFIL,HLA-C*12:03
MFYSAGHSF,HLA-C*12:03
FYSAGHSFI,HLA-C*12:03
YSAGHSFILI,HLA-C*12:03
YGHHDAVPSL,HLA-C*12:03
YSSSSGLLM,HLA-C*12:03
RSYSSSSGL,HLA-C*12:03
LLMPSLENL,HLA-C*12:03
YRAYCQIKVF,HLA-C*12:03
KSPSHFTAV,HLA-C*12:03
RSVPAGVRI,HLA-C*12:03
YLRSVPAGV,HLA-C*12:03
YALLFGKTV,HLA-C*12:03
LLFGKTVAI,HLA-C*12:03
FSSEMASAI,HLA-C*12:03
RALVFSSEM,HLA-C*12:03
YARIKGDMI,HLA-C*12:03
IAYARIKGDM,HLA-C*12:03
FGSSTTSAL,HLA-C*12:03
SSTTSALSF,HLA-C*12:03
LTFEPIPTHM,HLA-C*12:03
LSSGLPNRL,HLA-C*12:03
VSSEGQHTV,HLA-C*12:03
ESLGHVLMY,HLA-C*12:03
RVYLTPYTV,HLA-C*12:03
YRVYLTPYTV,HLA-C*12:03
LQAPSAAAM,HLA-C*12:03
LQRLVPTAF,HLA-C*12:03
LAKNERIYV,HLA-C*12:03
LVPPKPRPL,HLA-C*12:03
YSGEKITSA,HLA-C*12:03
AAIGEVDLL,HLA-C*12:03
RSKDEVEAL,HLA-C*12:03
NSVSSHSPL,HLA-C*12:03
TASLTSAAF,HLA-C*12:03
HTLKTVEEV,HLA-C*12:03
AGRGHVAVL,HLA-C*12:03
LAAGRGHVA,HLA-C*12:03
FTTIGLQDI,HLA-C*12:03
LSRFPINIF,HLA-C*12:03
SRFPINIFF,HLA-C*12:03
LSRFPINIFF,HLA-C*12:03
FNNFSSSTL,HLA-C*12:03
SQWTHPNSM,HLA-C*12:03
RTPSPSGLM,HLA-C*12:03
YLTPNGQRF,HLA-C*12:03
GALEVLDTL,HLA-C*12:03
SACSGALEV,HLA-C*12:03
VTFKDVVVTF,HLA-C*12:03
HLYFPDPSL,HLA-C*12:03
HLVEHLHLY,HLA-C*12:03
NSNWASLNL,HLA-C*12:03
FLNEIPLFV,HLA-C*12:03
RIFLNEIPL,HLA-C*12:03
KAFELGIPV,HLA-C*12:03
FTIQGNVAL,HLA-C*12:03
SALSDTSQF,HLA-C*12:03
RAWEASLSA,HLA-C*12:03
RAWEASLSAL,HLA-C*12:03
LSAQTSHYL,HLA-C*12:03
NSFRISNLV,HLA-C*12:03
LSPSSSPTL,HLA-C*12:03
YVYEGSGSV,HLA-C*12:03
YVYEGSGSVA,HLA-C*12:03
TYVYEGSGSV,HLA-C*12:03
KSFSYSSLF,HLA-C*12:03
LSSATVPGM,HLA-C*12:03
ITRIVTFTL,HLA-C*12:03
IVTFTLFYM,HLA-C*12:03
YVKNFDQAV,HLA-C*12:03
KGFRHSSEL,HLA-C*12:03
LILSTIQGM,HLA-C*12:03
AFWEELESM,HLA-C*14:02
VWFSNVGRV,HLA-C*14:02
YFEAAFDVSL,HLA-C*14:02
WIVSRPEEL,HLA-C*14:02
IVHSVPELM,HLA-C*14:02
SYEFRGSSF,HLA-C*14:02
SFQVTRGDY,HLA-C*14:02
KSYEFRGSSF,HLA-C*14:02
YTFNVRLEV,HLA-C*14:02
LYTFNVRLEV,HLA-C*14:02
SFAGLPKSV,HLA-C*14:02
SSMSSFSEY,HLA-C*14:02
QVISSMSSF,HLA-C*14:02
FAHLREVGF,HLA-C*14:02
FAGRLVSTL,HLA-C*14:02
FTAAFAGRL,HLA-C*14:02
MGSLLVATF,HLA-C*14:02
AVSRFHSSF,HLA-C*14:02
QYLKTKKNF,HLA-C*14:02
NFNNLIIKY,HLA-C*14:02
MFYAHWCSM,HLA-C*14:02
IMFYAHWCSM,HLA-C*14:02
RQSSSFRVL,HLA-C*14:02
LFQTPGDKY,HLA-C*14:02
RHDPYTPNF,HLA-C*14:02
PYTPNFLVM,HLA-C*14:02
SGMGGRAPV,HLA-C*14:02
CYVLTKSIL,HLA-C*14:02
SWSLYGFRL,HLA-C*14:02
FFQNLGSIL,HLA-C*14:02
HFFQNLGSI,HLA-C*14:02
HFFQNLGSIL,HLA-C*14:02
HWSSEKAEM,HLA-C*14:02
VFLNNKLYV,HLA-C*14:02
MPRPDTVAM,HLA-C*14:02
THRKTVVTF,HLA-C*14:02
HRKTVVTFL,HLA-C*14:02
SRQSSSPAF,HLA-C*14:02
SPAFRVQSF,HLA-C*14:02
YSRQSSSPAF,HLA-C*14:02
FVADSRLIF,HLA-C*14:02
FFTGFLAEV,HLA-C*14:02
RSRKFFTGF,HLA-C*14:02
FRKDFVLFI,HLA-C*14:02
IYHGNCNTL,HLA-C*14:02
KIYHGNCNTL,HLA-C*14:02
IYHGNCNTLI,HLA-C*14:02
RIYTGERPY,HLA-C*14:02
HFPAPVPEF,HLA-C*14:02
THFPAPVPEF,HLA-C*14:02
TFIPRGIPL,HLA-C*14:02
SATSWGMVV,HLA-C*16:01
WGMVVDITL,HLA-C*16:01
YGGRYYSYL,HLA-C*16:01
FYIRKINPL,HLA-C*16:01
FGDVGSTLF,HLA-C*16:01
RTQNSPPRL,HLA-C*16:01
TSLDVLTFV,HLA-C*16:01
ISKSGLITI,HLA-C*16:01
ATNNEPVEM,HLA-C*16:01
ASLINVGSL,HLA-C*16:01
YQVFKIQVL,HLA-C*16:01
YTVFKIQVL,HLA-C*16:01
TVFKIQVLM,HLA-C*16:01
VSFMDTHNL,HLA-C*16:01
SFRPVGLSL,HLA-C*16:01
MSFRPVGLSL,HLA-C*16:01
IGSFSFCVL,HLA-C*16:01
FSSLGYTHL,HLA-C*16:01
LGYTHLASV,HLA-C*16:01
YGVFSSLGY,HLA-C*16:01
LSSDSYCLF,HLA-C*16:01
VAATNYFYL,HLA-C*16:01
AATNYFYLL,HLA-C*16:01
FMMQTSTYY,HLA-C*16:01
MMQTSTYYY,HLA-C*16:01
FMMQTSTYYY,HLA-C*16:01
RYFEKLLIY,HLA-C*16:01
LIAPLIMVL,HLA-C*16:01
KLLIAPLIM,HLA-C*16:01
YFITLGTQL,HLA-C*16:01
YVANMVGNL,HLA-C*16:01
SSQSLLSQL,HLA-C*16:01
KVTANKMEM,HLA-C*16:01
IAVFYVLPV,HLA-C*16:01
YVLPVVQLV,HLA-C*16:01
ATIAVFYVL,HLA-C*16:01
AVFYVLPVV,HLA-C*16:01
IATIAVFYV,HLA-C*16:01
KQHNGTLTV,HLA-C*16:01
AVSWPATSL,HLA-C*16:01
LAVSWPATSL,HLA-C*16:01
SSLGSVRTL,HLA-C*16:01
LSLSSLGSV,HLA-C*16:01
TSLCQFLGL,HLA-C*16:01
TIVEQQLPL,HLA-C*16:01
LAGLSASTI,HLA-C*16:01
LARSASALV,HLA-C*16:01
KVLPQYLEI,HLA-C*16:01
LSKVLPQYL,HLA-C*16:01
MTVFWVCPL,HLA-C*16:01
RVLGTLGIM,HLA-C*16:01
GTLGIMTVF,HLA-C*16:01
STSKALSTF,HLA-C*16:01
STFSAHIMV,HLA-C*16:01
LSTFSAHIM,HLA-C*16:01
FSAHIMVVTL,HLA-C*16:01
KSVCVDTSL,HLA-C*16:01
LAILKSVCV,HLA-C*16:01
LKFFRTLEF,HLA-C*16:01
YIPPQQHTM,HLA-C*16:01
HGFHELCSL,HLA-C*16:01
YMARLVPPL,HLA-C*16:01
MARLVPPLV,HLA-C*16:01
FYMARLVPPL,HLA-C*16:01
FVGGVPLPL,HLA-C*16:01
TIFVGGVPL,HLA-C*16:01
KTIFVGGVPL,HLA-C*16:01
ISLRTALIL,HLA-C*16:01
FNFPELISL,HLA-C*16:01
YAYFNFPELI,HLA-C*16:01
YLLEKVDSI,HLA-C*16:01
KVAQYLQQL,HLA-C*16:01
ITKKVAQYL,HLA-C*16:01
RMRRGQTAL,HLA-C*16:01
FGILTVMPI,HLA-C*16:01
MPIQGYANL,HLA-C*16:01
RPSWPHRAAL,HLA-C*16:01
SAALDLEPM,HLA-C*16:01
ASERYRIAF,HLA-C*16:01
IAASERYRI,HLA-C*16:01
AASERYRIAF,HLA-C*16:01
LSLTGVPIV,HLA-C*16:01
LARQCTALM,HLA-C*16:01
VAAPAMVAI,HLA-C*16:01
MLFRPHVFM,HLA-C*16:01
HMLFRPHVF,HLA-C*16:01
HTTPLPVTY,HLA-C*16:01
RSLVELQEL,HLA-C*16:01
TQFACSAIM,HLA-C*16:01
TSLDTCTQF,HLA-C*16:01
GAFEYLYKL,HLA-C*16:01
ACTDDNALAY,HLA-A*01:01
AEWFLAYIL,HLA-B*18:01
AFLLFLVLI,HLA-A*01:01
ALWEIQQVV,HLA-B*15:01
AMDEFIERY,HLA-A*01:01
AMSAFAMMF,HLA-B*15:01
APSASAFFGM,HLA-B*51:01
AQFAPSASAFF,HLA-B*15:01
AQYELKHGTF,HLA-B*15:01
ASFSASTSAF,HLA-B*15:01
ASHMYCSFY,HLA-A*01:01
AVMYMGTLSY,HLA-B*15:01
AYLRKHFSM,HLA-A*24:02
AYLRKHFSMM,HLA-B*08:01
CLLNRYFRL,HLA-B*08:01
CPAEIVDTV,HLA-B*51:01
DAPAHISTI,HLA-B*51:01
DEFIERYKL,HLA-B*18:01
DEFSSNVANY,HLA-B*18:01
DEFTPFDVV,HLA-B*18:01
DEISMATNY,HLA-B*18:01
DEWSMATYY,HLA-B*18:01
DEWSMATYYL,HLA-B*18:01
DEWSMATYYLF,HLA-B*18:01
DGARRVWTL,HLA-B*08:01
DLDEWSMATYY,HLA-B*18:01
DMTYRRLISM,HLA-B*08:01
DSFKEELDKY,HLA-A*01:01
DTYPSLETI,HLA-B*51:01
EAMYTPHTV,HLA-B*51:01
EEFEPSTQY,HLA-B*18:01
EEFEPSTQYEY,HLA-B*18:01
EEIAIILASF,HLA-B*18:01
EEKFKEGVEF,HLA-B*18:01
EELPDEFVV,HLA-B*18:01
EETGLLMPL,HLA-B*18:01
EWFLAYILF,HLA-A*24:02
FARTRSMWSF,HLA-B*08:01
FDEISMATNY,HLA-B*18:01
FEEAALCTF,HLA-B*18:01
FEHIVYGDF,HLA-B*18:01
FEIKLAKKF,HLA-B*18:01
FELEDFIPM,HLA-B*18:01
FEPSTQYEY,HLA-B*18:01
FERDISTEIY,HLA-B*18:01
FEYYHTTDPSF,HLA-B*18:01
FGEYSHVVAF,HLA-B*18:01
FKLVNKFLAL,HLA-B*08:01
FLCWHTNCY,HLA-A*01:01
FLFVAAIFYL,HLA-A*02:01
FLGRYMSAL,HLA-B*08:01
FLLNKEMYL,HLA-B*08:01
FLMSFTVLC,HLA-A*02:01
FLNRFTTTL,HLA-B*08:01
FMGRIRSVY,HLA-B*15:01
FPFTIYSLL,HLA-B*51:01
FPFTIYSLLL,HLA-B*51:01
FPLCANGQV,HLA-B*51:01
FPLCANGQVF,HLA-B*51:01
FPLKLRGTAV,HLA-B*07:02
FPLKLRGTAV,HLA-B*51:01
FPLKLRGTAVM,HLA-B*07:02
FPLNSIIKTI,HLA-B*51:01
FPNITNLCPF,HLA-B*07:02
FPNITNLCPF,HLA-B*51:01
FPPTSFGPL,HLA-B*07:02
FPPTSFGPL,HLA-B*51:01
FPPTSFGPLV,HLA-B*51:01
FPRGQGVPI,HLA-B*51:01
FVMMSAPPA,HLA-A*02:01
GEYSHVVAF,HLA-B*18:01
GYKSVNITF,HLA-A*24:02
HEFCSQHTM,HLA-B*18:01
HEGKTFYVL,HLA-B*18:01
HEVLLAPLL,HLA-B*18:01
HISRQRLTK,HLA-A*03:01
HPLADNKFAL,HLA-B*51:01
HSYFTSDYY,HLA-A*01:01
IDFYLCFLAF,HLA-B*18:01
IEVNSFSGY,HLA-B*18:01
ILFTRFFYVL,HLA-B*08:01
ILGLPTQTV,HLA-B*15:01
ILGTVSWNL,HLA-A*02:01
ILHCANFNV,HLA-A*02:01
IMQLFFSYF,HLA-A*24:02
IPVAYRKVL,HLA-B*07:02
IPYNSVTSSI,HLA-B*51:01
IQLSSYSLF,HLA-A*24:02
IQLSSYSLF,HLA-B*15:01
KAYNVTQAF,HLA-B*15:01
KLFIRQEEV,HLA-B*08:01
KLVNKFLAL,HLA-B*08:01
KMFDAYVNTF,HLA-B*15:01
KPTETICAPL,HLA-B*07:02
KPVETSNSF,HLA-B*07:02
KSDGTGTIY,HLA-A*01:01
LAWLYAAVI,HLA-B*51:01
LDEWSMATYY,HLA-B*18:01
LEAPFLYLY,HLA-B*18:01
LEGNFYGPF,HLA-B*18:01
LEMELTPVV,HLA-B*18:01
LEQWNLVIGF,HLA-B*18:01
LEWLAMAVM,HLA-B*18:01
LFLAFVVFL,HLA-A*01:01
LFLAFVVFLL,HLA-A*01:01
LGIITTVAAF,HLA-B*15:01
LILMTARTVY,HLA-B*15:01
LKFPRGQGVPI,HLA-B*07:02
LLAKDTTEAF,HLA-B*15:01
LLALHRSYL,HLA-B*08:01
LLLDDFVEI,HLA-A*02:01
LMNVLTLVY,HLA-B*15:01
LMRELNGGAY,HLA-B*15:01
LMSNLGMPSY,HLA-B*15:01
LPFGWLIVGV,HLA-B*51:01
LPIDKCSRI,HLA-B*51:01
LPKGIMMNV,HLA-B*51:01
LPQLEQPYV,HLA-B*51:01
LPQNAVVKI,HLA-B*51:01
LPVLQVRDV,HLA-B*51:01
LQAENVTGLF,HLA-B*15:01
LQIPFAMQM,HLA-B*15:01
LQSCTQHQPY,HLA-B*15:01
LSPRWYFYY,HLA-A*01:01
LTALRLCAY,HLA-A*01:01
LTENLLLYI,HLA-A*01:01
LTRNPAWRK,HLA-A*03:01
MARKTLNSL,HLA-B*07:02
MARKTLNSL,HLA-B*08:01
MAYITGGVV,HLA-B*51:01
MFVKHKHAFL,HLA-B*08:01
MGRIRSVYPV,HLA-B*08:01
MLFTMLRKL,HLA-A*02:01
MLRIMASLVL,HLA-B*08:01
MMFVKHKHA,HLA-B*08:01
MMFVKHKHAFL,HLA-B*08:01
MMISAGFSL,HLA-B*15:01
MMNVAKYTQL,HLA-B*08:01
MMSAPPAQY,HLA-B*15:01
MPASWVMRI,HLA-B*51:01
MPLKAPKEI,HLA-B*51:01
MPLSAPTLV,HLA-B*51:01
MPYFFTLLL,HLA-B*51:01
MSNLGMPSY,HLA-A*01:01
MTYRRLISM,HLA-B*08:01
MVMCGGSLY,HLA-B*15:01
MYKGLPWNV,HLA-A*24:02
MYLKLRSDVL,HLA-B*08:01
NDLCFTNVY,HLA-B*18:01
NETLVTMPL,HLA-B*18:01
NETLVTMPLGY,HLA-B*18:01
NLQSNHDLY,HLA-A*01:01
NMARKTLNSL,HLA-B*08:01
NPAWRKAVF,HLA-B*07:02
NSASFSTFK,HLA-A*03:01
NTFTRLQSL,HLA-B*08:01
PYRVVVLSF,HLA-A*01:01
QEYADVFHLY,HLA-B*18:01
QLIKVTLVF,HLA-B*15:01
QLMCQPILL,HLA-A*02:01
RLFARTRSM,HLA-B*08:01
RMYIFFASF,HLA-B*15:01
RPNFTIKGSFL,HLA-B*07:02
RQKRTATKAY,HLA-B*15:01
RTIAFGGCVF,HLA-B*15:01
RVDFCGKGY,HLA-A*01:01
RVDFCGKGY,HLA-B*15:01
RYLALYNKY,HLA-A*24:02
SAFFGMSRI,HLA-B*51:01
SAFYILPSI,HLA-B*51:01
SAKNRARTV,HLA-B*08:01
SEAFLIGCNY,HLA-B*18:01
SEFDRDAAM,HLA-B*18:01
SEFSSLPSY,HLA-B*18:01
SELVIGAVI,HLA-B*18:01
SLREVRTIK,HLA-A*03:01
SLSHRFYRL,HLA-B*08:01
SPNLAWPLI,HLA-B*51:01
SPRWYFYYL,HLA-B*51:01
SPYNSQNAV,HLA-B*07:02
TACTDDNALAY,HLA-A*01:01
TEETFKLSY,HLA-B*18:01
TLKKRWQLAL,HLA-B*08:01
TLMNVLTLVY,HLA-B*15:01
TPLVPFWITI,HLA-B*51:01
TPRDLGACI,HLA-B*51:01
TQLYLGGMSY,HLA-B*15:01
TQVVDMSMTY,HLA-B*15:01
TQWSLFFFL,HLA-A*02:01
TQYNRYLAL,HLA-B*08:01
TQYNRYLALY,HLA-B*15:01
TSDYYQLYS,HLA-A*01:01
TTLPVNVAF,HLA-B*15:01
VDTDFVNEFY,HLA-A*01:01
VEHVTFFIY,HLA-B*18:01
VFITLCFTL,HLA-A*24:02
VGMQKYSTL,HLA-B*08:01
VLKKLKKSL,HLA-B*08:01
VLLRKNGNK,HLA-A*03:01
VLSGHNLAK,HLA-A*11:01
VLWAHGFEL,HLA-A*01:01
VLWAHGFEL,HLA-B*08:01
VLWAHGFEL,HLA-B*15:01
VMFTPLVPF,HLA-B*15:01
VMMSAPPAQY,HLA-B*15:01
VMYMGTLSY,HLA-B*15:01
VPHHVVATV,HLA-B*51:01
VPLKSATCI,HLA-B*51:01
VPMEKLKTL,HLA-B*07:02
VPQEHYVRI,HLA-B*51:01
VPYCYDTNV,HLA-B*51:01
VTPSGTWLTY,HLA-A*01:01
VVNQNAQAL,HLA-B*07:02
WEPEFYEAM,HLA-B*18:01
WFLNRFTTTL,HLA-B*08:01
WPVTLACFVL,HLA-B*07:02
WPVTLACFVL,HLA-B*51:01
WTAGAAAYY,HLA-B*15:01
YADVFHLYL,HLA-A*01:01
YAYLRKHFSM,HLA-B*08:01
YAYLRKHFSMM,HLA-B*08:01
YEDQDALFAY,HLA-B*18:01
YELQTPFEI,HLA-B*18:01
YEQYIKWPWY,HLA-B*18:01
YFTSDYYQL,HLA-A*24:02
YIFFASFYY,HLA-B*15:01
YLKSPNFSK,HLA-A*03:01
YLRKHFSMMI,HLA-B*08:01
YLTNDVSFL,HLA-A*02:01
YMPASWVMRI,HLA-B*51:01
YMPYFFTLLL,HLA-B*51:01
YNSASFSTF,HLA-A*24:02
YPDKVFRSSV,HLA-B*07:02
YPIILRLGSPL,HLA-B*07:02
YPSLETIQI,HLA-B*51:01
YTDFATSAC,HLA-A*01:01
YVNTFSSTF,HLA-B*15:01
YYSLLMPIL,HLA-A*24:02
KPPSPSPIEM,HLA-B*07:02
KPPTPGASF,HLA-B*07:02
RSGSLERKV,HLA-B*07:02
KPASPARRL,HLA-B*07:02
RPRSPAARL,HLA-B*07:02
RPSRSSPGL,HLA-B*07:02
KPYSPLASL,HLA-B*07:02
RPHSPEKAF,HLA-B*07:02
RPVSPGKDI,HLA-B*07:02
RPTSRLNRL,HLA-B*07:02
RPSSLPDL,HLA-B*07:02
VPRSPKHAHSSSL,HLA-B*07:02
RAPSPSSRM,HLA-B*07:02
RPRANSGGVDL,HLA-B*07:02
SPKSPGLKA,HLA-B*07:02
KPPYRSHSL,HLA-B*07:02
RSESKDRKL,HLA-B*07:02
SPSTSRSGGSSRL,HLA-B*07:02
RPQRATSNVF,HLA-B*07:02
KPQTRGKTF,HLA-B*07:02
KPRSPDHVL,HLA-B*07:02
LPASPRARL,HLA-B*07:02
KPPSPEHQSL,HLA-B*07:02
FRRSPTKSSL,HLA-B*07:02
FRRSPTKSSLDY,HLA-B*07:02
RPRSPSPIS,HLA-B*07:02
RRKSQVAEL,HLA-B*07:02
RPNSPSPTAL,HLA-B*07:02
RPITPPRNSA,HLA-B*07:02
GPRSASLLSL,HLA-B*07:02
RPRPVSPSSL,HLA-B*07:02
EPKRRSARL,HLA-B*07:02
TPRSPPLGL,HLA-B*07:02
TPRSPPLGLI,HLA-B*07:02
QPRSPGPDYSL,HLA-B*07:02
RPASPAAKL,HLA-B*07:02
RPPPPPDTPP,HLA-B*07:02
SPEKAGRRSSL,HLA-B*07:02
TPAQPQRRSL,HLA-B*07:02
EPRSPSHSM,HLA-B*07:02
RVRSPTRSP,HLA-B*07:02
SPRRSRSISL,HLA-B*07:02
KPRSPVVEL,HLA-B*07:02
YQRSFDEVEGV,HLA-B*07:02
YQRSFDEVEGVF,HLA-B*07:02
RPPSPGPVL,HLA-B*07:02
RPRPHSAPSL,HLA-B*07:02
KPASPKFIVTL,HLA-B*07:02
SPGLARKRSL,HLA-B*07:02
RPWSPAVSA,HLA-B*07:02
RPDSRLGKTEL,HLA-B*07:02
SPASPKISL,HLA-B*07:02
RPFSPREAL,HLA-B*07:02
RPVTPVSDL,HLA-B*07:02
RPPSSEFLDL,HLA-B*07:02
RPASAGAML,HLA-B*07:02
RPKPSSSPV,HLA-B*07:02
QPRTPSPLVL,HLA-B*07:02
RPRSLEVTI,HLA-B*07:02
RPAKSMDSL,HLA-B*07:02
SPRSPSTTYL,HLA-B*07:02
RPYSPPFFSL,HLA-B*07:02
APRRYSSSL,HLA-B*07:02
RPRSPRQNSI,HLA-B*07:02
RSLSPGGAA,HLA-B*07:02
RPRSPTGP,HLA-B*07:02
FSISPVRL,HLA-B*07:02
RPSSPALYF,HLA-B*07:02
RPRSPTGSNSF,HLA-B*07:02
KPPHSPLVL,HLA-B*07:02
RMQYSMECF,HLA-B*15:01
SEKLRHMLL,HLA-B*40:02