peptide,allele,uniprot_id
CLLFIQSY,HLA-A*02:01,Q8V4U9
VCLLFIQSY,HLA-A*02:01,Q8V4U9
AVCLLFIQSY,HLA-A*02:01,Q8V4U9
AAVCLLFIQSY,HLA-A*02:01,Q8V4U9
ATHAAFEY,HLA-A*02:01,Q8V4U9
NATHAAFEY,HLA-A*02:01,Q8V4U9
FNATHAAFEY,HLA-A*02:01,Q8V4U9
EFNATHAAFEY,HLA-A*02:01,Q8V4U9
RQCIDFTF,HLA-A*02:01,Q8V4U9
MRQCIDFTF,HLA-A*02:01,Q8V4U9
TMRQCIDFTF,HLA-A*02:01,Q8V4U9
NTMRQCIDFTF,HLA-A*02:01,Q8V4U9
PGNGFVSA,HLA-A*02:01,Q8V4U9
YPGNGFVSA,HLA-A*02:01,Q8V4U9
VYPGNGFVSA,HLA-A*02:01,Q8V4U9
VVYPGNGFVSA,HLA-A*02:01,Q8V4U9
NYGNIKEF,HLA-A*02:01,Q8V4U9
ENYGNIKEF,HLA-A*02:01,Q8V4U9
YENYGNIKEF,HLA-A*02:01,Q8V4U9
IYENYGNIKEF,HLA-A*02:01,Q8V4U9
VQDVNDTI,HLA-A*02:01,Q8V4U9
RVQDVNDTI,HLA-A*02:01,Q8V4U9
RRVQDVNDTI,HLA-A*02:01,Q8V4U9
DRRVQDVNDTI,HLA-A*02:01,Q8V4U9